,Naive-1 (persistence),Naive-1 + hourly step,Lasso + hour×month,Random Forest,XGBoost,"MLP v4 [64,32] Δ-target",n
0,254.37,88.01,89.07,61.5,55.79,83.75,199
1,322.71,63.34,58.76,40.59,40.11,47.47,199
2,241.56,49.71,33.47,32.76,29.03,28.92,199
3,189.55,44.82,31.49,24.66,26.5,26.34,199
4,164.92,48.89,33.84,25.69,26.46,24.65,199
5,292.2,96.3,70.87,56.32,53.66,47.9,199
6,383.64,146.49,105.66,73.72,75.56,73.42,199
7,204.88,93.31,92.61,58.57,62.52,57.72,199
8,162.2,86.78,65.02,51.89,53.66,58.6,199
9,460.76,105.39,89.65,70.34,75.11,74.14,200
10,239.57,56.04,48.97,44.49,43.44,47.18,200
11,108.04,52.2,49.1,44.85,43.15,42.65,200
12,119.01,52.74,54.04,46.3,45.33,46.73,200
13,191.76,80.66,67.87,70.0,67.17,66.17,200
14,214.21,105.23,94.26,77.12,77.86,71.55,200
15,81.79,56.22,53.83,44.11,45.23,45.22,200
16,90.25,57.07,57.39,51.21,52.35,53.4,199
17,199.61,69.66,66.6,60.24,61.13,53.05,198
18,111.87,68.63,58.95,57.35,57.64,59.71,198
19,87.87,61.34,64.13,50.93,48.92,46.99,196
20,171.79,78.55,76.11,66.63,68.04,59.84,196
21,256.22,104.54,90.78,60.89,58.4,59.7,195
22,190.06,64.58,51.13,40.57,39.14,41.16,195
23,170.8,52.76,54.43,34.68,34.97,34.12,194
