split,model,subset,n,MAE,RMSE,MAPE,R2,Bias,skill_vs_naive1,skill_vs_step,skill_vs_xgb,family,final_contender
val,Naive-1 (persistence),all,2381,192.433,253.0839,3.9531,0.9534,1.0198,0.0,-1.0439,-2.2549,Baseline,True
val,Naive-1 (persistence),peak,363,257.3604,313.4021,3.7907,0.6493,57.1413,0.0,-1.8222,-2.3535,Baseline,True
val,Seasonal naive-24,all,2381,319.5396,466.3741,6.4004,0.8419,37.8492,-0.6605,-2.3939,-4.4048,Baseline,False
val,Seasonal naive-24,peak,363,456.7074,640.7134,6.6468,-0.4657,268.2301,-0.7746,-4.0082,-4.951,Baseline,False
val,Seasonal naive-168,all,2381,590.8563,781.9406,11.426,0.5556,217.9106,-2.0705,-5.2756,-8.9939,Baseline,False
val,Seasonal naive-168,peak,363,1146.3535,1335.2044,16.4462,-5.3653,714.8745,-3.4543,-11.5708,-13.9373,Baseline,False
val,Calendar climatology,all,2381,571.1637,722.5103,11.4812,0.6205,292.0687,-1.9681,-5.0664,-8.6609,Baseline,False
val,Calendar climatology,peak,363,857.2653,1038.8517,12.2848,-2.8533,830.2518,-2.331,-8.4007,-10.1704,Baseline,False
val,Naive-1 + hourly step,all,2381,94.1516,147.2208,1.9837,0.9842,0.6501,0.5107,0.0,-0.5925,Baseline,True
val,Naive-1 + hourly step,peak,363,91.1917,155.7113,1.3351,0.9134,6.0875,0.6457,0.0,-0.1882,Baseline,True
test,Naive-1 (persistence),all,4762,204.6846,265.2008,5.0549,0.9586,0.4236,0.0,-1.7544,-2.9565,Baseline,True
test,Naive-1 (persistence),peak,588,193.4817,237.0646,2.9539,0.508,46.6939,0.0,-1.9202,-2.6062,Baseline,True
test,Seasonal naive-24,all,4762,247.1099,371.2156,5.3316,0.9189,-8.7604,-0.2073,-2.3253,-3.7765,Baseline,False
test,Seasonal naive-24,peak,588,317.3331,409.7277,4.8312,-0.4697,162.8211,-0.6401,-3.7895,-4.9146,Baseline,False
test,Seasonal naive-168,all,4762,413.9054,592.3004,8.9893,0.7935,-72.9281,-1.0222,-4.5697,-7.0006,Baseline,False
test,Seasonal naive-168,peak,588,583.5597,736.3761,8.8576,-3.7472,413.8676,-2.0161,-7.8076,-9.8767,Baseline,False
test,Calendar climatology,all,4762,396.8325,503.673,8.8895,0.8507,116.0587,-0.9388,-4.34,-6.6706,Baseline,False
test,Calendar climatology,peak,588,648.6123,726.1672,9.8169,-3.6165,621.1247,-2.3523,-8.7894,-11.0892,Baseline,False
test,Naive-1 + hourly step,all,4762,74.3131,104.2844,1.7735,0.9936,2.1582,0.6369,0.0,-0.4364,Baseline,True
test,Naive-1 + hourly step,peak,588,66.2564,92.0165,1.0135,0.9259,8.6149,0.6576,0.0,-0.2349,Baseline,True
val,OLS,all,2381,101.0615,153.3666,2.0523,0.9829,6.8214,0.4748,-0.0734,-0.7094,Linear,False
val,OLS,peak,363,139.5508,208.0639,2.0353,0.8454,65.3649,0.4578,-0.5303,-0.8184,Linear,False
val,Ridge (1-SE α),all,2381,107.6501,161.2132,2.1719,0.9811,8.6551,0.4406,-0.1434,-0.8208,Linear,False
val,Ridge (1-SE α),peak,363,155.5254,222.5219,2.2629,0.8232,85.4289,0.3957,-0.7055,-1.0265,Linear,False
val,Ridge,all,2381,101.1669,153.4446,2.0539,0.9829,6.8714,0.4743,-0.0745,-0.7112,Linear,False
val,Ridge,peak,363,139.8919,208.2724,2.0401,0.8451,65.9021,0.4564,-0.534,-0.8228,Linear,False
val,Lasso (1-SE α),all,2381,108.2354,162.7348,2.1941,0.9807,8.125,0.4375,-0.1496,-0.8307,Linear,False
val,Lasso (1-SE α),peak,363,155.0356,223.7738,2.2554,0.8212,88.9023,0.3976,-0.7001,-1.0202,Linear,False
val,Lasso,all,2381,100.9157,153.2614,2.0495,0.9829,6.8828,0.4756,-0.0718,-0.7069,Linear,False
val,Lasso,peak,363,139.3168,207.7087,2.0317,0.846,65.8194,0.4587,-0.5277,-0.8153,Linear,False
test,OLS,all,4762,92.3623,122.9407,2.1639,0.9911,4.4447,0.5488,-0.2429,-0.7853,Linear,False
test,OLS,peak,588,104.0837,133.3745,1.5868,0.8443,44.7901,0.462,-0.5709,-0.94,Linear,False
test,Ridge (1-SE α),all,4762,93.4251,124.8308,2.181,0.9908,4.5288,0.5436,-0.2572,-0.8059,Linear,False
test,Ridge (1-SE α),peak,588,106.395,136.7564,1.6215,0.8363,47.9977,0.4501,-0.6058,-0.9831,Linear,False
test,Ridge,all,4762,92.3657,122.9471,2.164,0.9911,4.445,0.5487,-0.2429,-0.7854,Linear,False
test,Ridge,peak,588,104.0918,133.3871,1.5869,0.8442,44.8025,0.462,-0.571,-0.9401,Linear,False
test,Lasso (1-SE α),all,4762,92.518,124.4017,2.1669,0.9909,2.8996,0.548,-0.245,-0.7883,Linear,False
test,Lasso (1-SE α),peak,588,104.8048,136.6475,1.5968,0.8365,51.9562,0.4583,-0.5818,-0.9534,Linear,False
test,Lasso,all,4762,92.3573,122.9374,2.1638,0.9911,4.4409,0.5488,-0.2428,-0.7852,Linear,False
test,Lasso,peak,588,104.0771,133.3717,1.5867,0.8443,44.7963,0.4621,-0.5708,-0.9399,Linear,False
val,OLS + hour×month,all,2381,76.5984,128.6904,1.592,0.988,3.7157,0.6019,0.1864,-0.2956,Linear,False
val,OLS + hour×month,peak,363,87.3321,151.3251,1.274,0.9182,26.4701,0.6607,0.0423,-0.138,Linear,False
val,Ridge + hour×month (1-SE α),all,2381,82.8087,134.304,1.7127,0.9869,4.8486,0.5697,0.1205,-0.4007,Linear,False
val,Ridge + hour×month (1-SE α),peak,363,95.3468,156.5712,1.3881,0.9125,37.0213,0.6295,-0.0456,-0.2424,Linear,False
val,Ridge + hour×month,all,2381,76.5985,128.6904,1.592,0.988,3.7157,0.6019,0.1864,-0.2956,Linear,False
val,Ridge + hour×month,peak,363,87.3321,151.3251,1.274,0.9182,26.4702,0.6607,0.0423,-0.138,Linear,False
val,Lasso + hour×month (1-SE α),all,2381,100.5623,152.1325,2.0468,0.9832,8.7861,0.4774,-0.0681,-0.7009,Linear,False
val,Lasso + hour×month (1-SE α),peak,363,134.3309,196.6974,1.9521,0.8619,78.7609,0.478,-0.4731,-0.7504,Linear,False
val,Lasso + hour×month,all,2381,77.142,129.126,1.6039,0.9879,3.8482,0.5991,0.1807,-0.3048,Linear,True
val,Lasso + hour×month,peak,363,87.9062,152.2435,1.2817,0.9172,26.8861,0.6584,0.036,-0.1454,Linear,True
test,OLS + hour×month,all,4762,65.2586,92.8103,1.5714,0.9949,4.9058,0.6812,0.1218,-0.2614,Linear,False
test,OLS + hour×month,peak,588,62.7378,86.0462,0.9565,0.9352,24.6149,0.6757,0.0531,-0.1693,Linear,False
test,Ridge + hour×month (1-SE α),all,4762,65.8954,93.3682,1.5642,0.9949,5.5963,0.6781,0.1133,-0.2737,Linear,False
test,Ridge + hour×month (1-SE α),peak,588,66.1995,89.895,1.0084,0.9293,28.3983,0.6579,0.0009,-0.2339,Linear,False
test,Ridge + hour×month,all,4762,65.2586,92.8103,1.5714,0.9949,4.9058,0.6812,0.1218,-0.2614,Linear,False
test,Ridge + hour×month,peak,588,62.7378,86.0462,0.9565,0.9352,24.615,0.6757,0.0531,-0.1693,Linear,False
test,Lasso + hour×month (1-SE α),all,4762,79.298,109.1505,1.862,0.993,1.181,0.6126,-0.0671,-0.5328,Linear,False
test,Lasso + hour×month (1-SE α),peak,588,90.9862,117.2713,1.3865,0.8796,48.2519,0.5297,-0.3732,-0.6959,Linear,False
test,Lasso + hour×month,all,4762,64.913,92.0297,1.5584,0.995,5.0773,0.6829,0.1265,-0.2547,Linear,True
test,Lasso + hour×month,peak,588,62.6644,85.9449,0.9553,0.9353,24.6432,0.6761,0.0542,-0.168,Linear,True
val,Decision Tree,all,2381,74.7579,131.9382,1.5435,0.9873,0.5928,0.6115,0.206,-0.2645,Tree,False
val,Decision Tree,peak,363,87.6105,154.5071,1.2832,0.9148,3.2222,0.6596,0.0393,-0.1416,Tree,False
test,Decision Tree,all,4762,67.8391,98.5632,1.5863,0.9943,1.8311,0.6686,0.0871,-0.3113,Tree,False
test,Decision Tree,peak,588,72.6207,97.5676,1.1184,0.9167,2.3166,0.6247,-0.0961,-0.3535,Tree,False
test,Decision Tree [level target],all,4762,95.699,132.3109,2.2465,0.9897,1.7035,0.5325,-0.2878,-0.8498,Tree,False
test,Decision Tree [level target],peak,588,111.7713,151.7302,1.6986,0.7985,15.4718,0.4223,-0.687,-1.0833,Tree,False
val,Random Forest,all,2381,58.8265,116.656,1.1992,0.9901,0.4353,0.6943,0.3752,0.005,Tree,True
val,Random Forest,peak,363,78.0692,145.6347,1.1397,0.9243,5.3687,0.6967,0.1439,-0.0173,Tree,True
test,Random Forest,all,4762,51.9082,76.4322,1.2077,0.9966,1.0979,0.7464,0.3015,-0.0034,Tree,True
test,Random Forest,peak,588,52.9513,73.8916,0.811,0.9522,4.4339,0.7263,0.2008,0.0131,Tree,True
test,Random Forest [level target],all,4762,71.6822,98.2619,1.6531,0.9943,-0.1121,0.6498,0.0354,-0.3856,Tree,False
test,Random Forest [level target],peak,588,85.2581,114.2735,1.3008,0.8857,19.2003,0.5593,-0.2868,-0.5891,Tree,False
val,XGBoost,all,2381,59.1214,116.4665,1.2039,0.9901,0.6179,0.6928,0.3721,0.0,Tree,True
val,XGBoost,peak,363,76.7446,144.7446,1.1207,0.9252,6.7988,0.7018,0.1584,0.0,Tree,True
test,XGBoost,all,4762,51.7343,76.1653,1.2037,0.9966,1.1245,0.7472,0.3038,0.0,Tree,True
test,XGBoost,peak,588,53.6521,76.1069,0.8209,0.9493,8.0227,0.7227,0.1902,0.0,Tree,True
test,XGBoost [level target],all,4762,64.6406,89.9276,1.4937,0.9952,2.2806,0.6842,0.1302,-0.2495,Tree,False
test,XGBoost [level target],peak,588,70.7424,95.5562,1.0766,0.9201,23.4714,0.6344,-0.0677,-0.3185,Tree,False
val,"MLP v1 [64,32]",all,2381,67.4366,122.4258,1.3969,0.9891,3.1175,0.6496,0.2837,-0.1406,Neural,False
val,"MLP v1 [64,32]",peak,363,77.9679,146.2914,1.1338,0.9236,37.0308,0.697,0.145,-0.0159,Neural,False
test,"MLP v1 [64,32]",all,4762,56.0013,78.8568,1.2914,0.9963,10.8592,0.7264,0.2464,-0.0825,Neural,False
test,"MLP v1 [64,32]",peak,588,67.5408,90.1151,1.0333,0.9289,28.84,0.6509,-0.0194,-0.2589,Neural,False
val,"MLP v2 [256,128,64]",all,2381,69.103,125.6775,1.4306,0.9885,-2.6818,0.6409,0.266,-0.1688,Neural,False
val,"MLP v2 [256,128,64]",peak,363,81.5105,148.9987,1.182,0.9207,37.7479,0.6833,0.1062,-0.0621,Neural,False
test,"MLP v2 [256,128,64]",all,4762,60.5515,83.659,1.4141,0.9959,10.0389,0.7042,0.1852,-0.1704,Neural,False
test,"MLP v2 [256,128,64]",peak,588,91.8878,111.9668,1.3966,0.8902,73.3261,0.5251,-0.3869,-0.7127,Neural,False
val,"MLP v3 [256,128,64] lr1e-4",all,2381,94.1892,156.2529,1.9378,0.9823,5.0949,0.5105,-0.0004,-0.5931,Neural,False
val,"MLP v3 [256,128,64] lr1e-4",peak,363,121.2359,187.3108,1.7521,0.8747,72.2082,0.5289,-0.3295,-0.5797,Neural,False
test,"MLP v3 [256,128,64] lr1e-4",all,4762,86.6199,116.6574,2.0138,0.992,25.9934,0.5768,-0.1656,-0.6743,Neural,False
test,"MLP v3 [256,128,64] lr1e-4",peak,588,122.4248,148.658,1.8634,0.8065,100.7848,0.3673,-0.8477,-1.2818,Neural,False
val,"MLP v4 [64,32] Δ-target",all,2381,60.088,117.8639,1.2342,0.9899,-1.9508,0.6877,0.3618,-0.0163,Neural,True
val,"MLP v4 [64,32] Δ-target",peak,363,72.7148,143.0137,1.0644,0.927,10.5027,0.7175,0.2026,0.0525,Neural,True
test,"MLP v4 [64,32] Δ-target",all,4762,52.1233,76.3691,1.215,0.9966,1.7527,0.7453,0.2986,-0.0075,Neural,True
test,"MLP v4 [64,32] Δ-target",peak,588,53.7534,76.3775,0.8225,0.9489,4.816,0.7222,0.1887,-0.0019,Neural,True
val,"MLP v3b [256,128,64] lr1e-4 patient",all,2381,76.2229,134.5041,1.5672,0.9868,6.112,0.6039,0.1904,-0.2893,Neural,False
val,"MLP v3b [256,128,64] lr1e-4 patient",peak,363,98.5463,164.3396,1.4194,0.9036,62.2859,0.6171,-0.0807,-0.2841,Neural,False
test,"MLP v3b [256,128,64] lr1e-4 patient",all,4762,62.113,87.368,1.4537,0.9955,9.1738,0.6965,0.1642,-0.2006,Neural,False
test,"MLP v3b [256,128,64] lr1e-4 patient",peak,588,75.7238,100.3383,1.1555,0.9119,42.6943,0.6086,-0.1429,-0.4114,Neural,False
