split,model,subset,n,MAE,RMSE,MAPE,R2,Bias,skill_vs_naive1,skill_vs_step,skill_vs_xgb,selected_on_val
val,Naive-1 (persistence),all,2381,192.433,253.0839,3.9531,0.9534,1.0198,0.0,-1.0439,-2.2549,False
val,Naive-1 (persistence),peak,363,257.3604,313.4021,3.7907,0.6493,57.1413,0.0,-1.8222,-2.3535,False
val,Naive-1 + hourly step,all,2381,94.1516,147.2208,1.9837,0.9842,0.6501,0.5107,0.0,-0.5925,False
val,Naive-1 + hourly step,peak,363,91.1917,155.7113,1.3351,0.9134,6.0875,0.6457,0.0,-0.1882,False
test,Naive-1 (persistence),all,4762,204.6846,265.2008,5.0549,0.9586,0.4236,0.0,-1.7544,-2.9565,False
test,Naive-1 (persistence),peak,588,193.4817,237.0646,2.9539,0.508,46.6939,0.0,-1.9202,-2.6062,False
test,Naive-1 + hourly step,all,4762,74.3131,104.2844,1.7735,0.9936,2.1582,0.6369,0.0,-0.4364,False
test,Naive-1 + hourly step,peak,588,66.2564,92.0165,1.0135,0.9259,8.6149,0.6576,0.0,-0.2349,False
val,Lasso + hour×month,all,2381,77.142,129.126,1.6039,0.9879,3.8482,0.5991,0.1807,-0.3048,False
val,Lasso + hour×month,peak,363,87.9062,152.2435,1.2817,0.9172,26.8861,0.6584,0.036,-0.1454,False
test,Lasso + hour×month,all,4762,64.913,92.0297,1.5584,0.995,5.0773,0.6829,0.1265,-0.2547,False
test,Lasso + hour×month,peak,588,62.6644,85.9449,0.9553,0.9353,24.6432,0.6761,0.0542,-0.168,False
val,Random Forest,all,2381,58.8265,116.656,1.1992,0.9901,0.4353,0.6943,0.3752,0.005,False
val,Random Forest,peak,363,78.0692,145.6347,1.1397,0.9243,5.3687,0.6967,0.1439,-0.0173,False
test,Random Forest,all,4762,51.9082,76.4322,1.2077,0.9966,1.0979,0.7464,0.3015,-0.0034,False
test,Random Forest,peak,588,52.9513,73.8916,0.811,0.9522,4.4339,0.7263,0.2008,0.0131,False
val,XGBoost,all,2381,59.1214,116.4665,1.2039,0.9901,0.6179,0.6928,0.3721,0.0,False
val,XGBoost,peak,363,76.7446,144.7446,1.1207,0.9252,6.7988,0.7018,0.1584,0.0,False
test,XGBoost,all,4762,51.7343,76.1653,1.2037,0.9966,1.1245,0.7472,0.3038,0.0,False
test,XGBoost,peak,588,53.6521,76.1069,0.8209,0.9493,8.0227,0.7227,0.1902,0.0,False
val,"MLP v1 [64,32]",all,2381,67.4366,122.4258,1.3969,0.9891,3.1175,0.6496,0.2837,-0.1406,False
val,"MLP v1 [64,32]",peak,363,77.9679,146.2914,1.1338,0.9236,37.0308,0.697,0.145,-0.0159,False
test,"MLP v1 [64,32]",all,4762,56.0013,78.8568,1.2914,0.9963,10.8592,0.7264,0.2464,-0.0825,False
test,"MLP v1 [64,32]",peak,588,67.5408,90.1151,1.0333,0.9289,28.84,0.6509,-0.0194,-0.2589,False
val,"MLP v2 [256,128,64]",all,2381,69.103,125.6775,1.4306,0.9885,-2.6818,0.6409,0.266,-0.1688,False
val,"MLP v2 [256,128,64]",peak,363,81.5105,148.9987,1.182,0.9207,37.7479,0.6833,0.1062,-0.0621,False
test,"MLP v2 [256,128,64]",all,4762,60.5515,83.659,1.4141,0.9959,10.0389,0.7042,0.1852,-0.1704,False
test,"MLP v2 [256,128,64]",peak,588,91.8878,111.9668,1.3966,0.8902,73.3261,0.5251,-0.3869,-0.7127,False
val,"MLP v3 [256,128,64] lr1e-4",all,2381,94.1892,156.2529,1.9378,0.9823,5.0949,0.5105,-0.0004,-0.5931,False
val,"MLP v3 [256,128,64] lr1e-4",peak,363,121.2359,187.3108,1.7521,0.8747,72.2082,0.5289,-0.3295,-0.5797,False
test,"MLP v3 [256,128,64] lr1e-4",all,4762,86.6199,116.6574,2.0138,0.992,25.9934,0.5768,-0.1656,-0.6743,False
test,"MLP v3 [256,128,64] lr1e-4",peak,588,122.4248,148.658,1.8634,0.8065,100.7848,0.3673,-0.8477,-1.2818,False
val,"MLP v4 [64,32] Δ-target",all,2381,60.088,117.8639,1.2342,0.9899,-1.9508,0.6877,0.3618,-0.0163,True
val,"MLP v4 [64,32] Δ-target",peak,363,72.7148,143.0137,1.0644,0.927,10.5027,0.7175,0.2026,0.0525,True
test,"MLP v4 [64,32] Δ-target",all,4762,52.1233,76.3691,1.215,0.9966,1.7527,0.7453,0.2986,-0.0075,True
test,"MLP v4 [64,32] Δ-target",peak,588,53.7534,76.3775,0.8225,0.9489,4.816,0.7222,0.1887,-0.0019,True
val,"MLP v3b [256,128,64] lr1e-4 patient",all,2381,76.2229,134.5041,1.5672,0.9868,6.112,0.6039,0.1904,-0.2893,False
val,"MLP v3b [256,128,64] lr1e-4 patient",peak,363,98.5463,164.3396,1.4194,0.9036,62.2859,0.6171,-0.0807,-0.2841,False
test,"MLP v3b [256,128,64] lr1e-4 patient",all,4762,62.113,87.368,1.4537,0.9955,9.1738,0.6965,0.1642,-0.2006,False
test,"MLP v3b [256,128,64] lr1e-4 patient",peak,588,75.7238,100.3383,1.1555,0.9119,42.6943,0.6086,-0.1429,-0.4114,False
