start,hours
2023-04-29 22:00:00,2
2023-04-30 23:00:00,1
2023-05-11 23:00:00,1
2023-05-15 23:00:00,1
2023-06-05 21:00:00,3
2023-06-23 23:00:00,1
2023-06-24 23:00:00,1
2023-06-26 23:00:00,1
2023-06-27 23:00:00,1
2023-06-28 23:00:00,1
2023-06-29 23:00:00,1
2023-07-19 12:00:00,12
2023-07-20 12:00:00,12
2023-08-17 16:00:00,8
2023-09-07 22:00:00,2
2023-09-26 17:00:00,7
2023-10-19 23:00:00,1
2023-10-28 23:00:00,1
2023-11-01 23:00:00,1
2023-11-16 23:00:00,1
2023-11-18 23:00:00,1
2023-11-23 23:00:00,1
2023-12-01 23:00:00,1
2023-12-08 23:00:00,1
2023-12-10 23:00:00,1
2023-12-11 23:00:00,1
2023-12-14 23:00:00,1
2023-12-15 23:00:00,1
2023-12-16 23:00:00,1
2023-12-17 23:00:00,1
2023-12-18 23:00:00,1
2023-12-20 23:00:00,1
2023-12-21 23:00:00,1
2023-12-23 23:00:00,1
2023-12-24 23:00:00,1
2023-12-25 23:00:00,1
2023-12-31 23:00:00,49
2024-01-10 23:00:00,1
2024-01-11 23:00:00,1
2024-01-12 23:00:00,1
2024-01-13 23:00:00,1
2024-01-14 23:00:00,1
2024-01-15 23:00:00,1
2024-01-16 23:00:00,1
2024-01-18 23:00:00,1
2024-01-19 23:00:00,1
2024-01-20 23:00:00,1
2024-01-22 23:00:00,1
2024-01-23 23:00:00,1
2024-01-25 23:00:00,1
2024-01-26 23:00:00,1
2024-01-27 23:00:00,1
2024-01-28 23:00:00,1
2024-01-29 12:00:00,12
2024-02-06 23:00:00,1
2024-02-07 23:00:00,1
2024-02-09 23:00:00,1
2024-02-11 23:00:00,1
2024-02-13 23:00:00,1
2024-02-14 23:00:00,1
2024-02-15 23:00:00,1
2024-02-16 23:00:00,1
2024-02-22 23:00:00,1
2024-02-23 23:00:00,1
2024-02-24 23:00:00,1
2024-02-25 23:00:00,1
2024-02-26 23:00:00,1
2024-02-27 23:00:00,1
2024-02-28 23:00:00,1
2024-03-01 23:00:00,1
2024-03-02 23:00:00,1
2024-03-03 23:00:00,1
2024-03-04 23:00:00,1
2024-03-05 23:00:00,1
2024-03-07 23:00:00,1
2024-03-08 23:00:00,1
2024-03-09 23:00:00,1
2024-03-10 23:00:00,1
2024-03-11 23:00:00,1
2024-03-12 23:00:00,1
2024-03-13 23:00:00,1
2024-03-14 23:00:00,1
2024-03-15 23:00:00,1
2024-03-16 23:00:00,1
2024-03-17 23:00:00,1
2024-03-18 23:00:00,1
2024-03-19 23:00:00,1
2024-03-20 23:00:00,1
2024-03-21 23:00:00,1
2024-03-22 23:00:00,1
2024-03-25 23:00:00,1
2024-03-30 23:00:00,1
2024-04-01 23:00:00,1
2024-04-03 23:00:00,1
2024-04-05 23:00:00,1
2024-04-06 23:00:00,1
2024-04-09 23:00:00,1
2024-04-10 23:00:00,1
2024-04-16 23:00:00,1
2024-04-17 23:00:00,1
2024-04-18 23:00:00,1
2024-04-22 21:00:00,3
2024-04-24 23:00:00,1
2024-04-27 23:00:00,1
2024-04-28 23:00:00,1
2024-05-03 23:00:00,1
2024-05-04 23:00:00,1
2024-05-05 23:00:00,1
2024-05-06 23:00:00,1
2024-05-07 23:00:00,1
2024-05-09 23:00:00,1
2024-05-16 23:00:00,1
2024-05-17 23:00:00,1
2024-05-21 23:00:00,1
2024-05-23 23:00:00,1
2024-06-10 22:00:00,2
2024-06-13 10:00:00,14
2024-07-02 18:00:00,6
2024-07-10 20:00:00,4
2024-07-11 23:00:00,1
2024-07-24 23:00:00,1
2024-07-26 23:00:00,1
2024-07-29 23:00:00,1
2024-08-10 23:00:00,1
2024-08-11 23:00:00,1
2024-08-13 23:00:00,1
2024-08-14 22:00:00,2
2024-08-21 23:00:00,1
2024-08-22 23:00:00,1
2024-08-24 22:00:00,2
2024-08-25 23:00:00,1
2024-08-27 23:00:00,1
2024-08-29 23:00:00,1
2024-08-30 23:00:00,1
2024-08-31 23:00:00,1
2024-09-11 19:00:00,5
2024-09-12 23:00:00,1
2024-09-13 23:00:00,1
2024-09-14 23:00:00,1
2024-09-15 23:00:00,1
2024-09-16 23:00:00,1
2024-09-17 23:00:00,1
2024-09-18 23:00:00,1
2024-09-19 23:00:00,1
2024-09-20 23:00:00,1
2024-09-21 23:00:00,1
2024-09-22 23:00:00,1
2024-09-24 23:00:00,1
2024-09-25 23:00:00,1
2024-09-26 23:00:00,1
2024-09-27 23:00:00,1
2024-09-28 23:00:00,1
2024-09-29 23:00:00,1
2024-09-30 23:00:00,1
2024-10-01 23:00:00,1
2024-10-02 23:00:00,1
2024-10-03 23:00:00,1
2024-10-04 23:00:00,1
2024-10-05 16:00:00,8
2024-10-07 23:00:00,1
2024-10-08 23:00:00,1
2024-10-09 23:00:00,1
2024-10-10 23:00:00,1
2024-10-11 23:00:00,1
2024-10-12 23:00:00,1
2024-10-13 23:00:00,1
2024-10-14 23:00:00,1
2024-10-15 23:00:00,1
2024-10-17 23:00:00,1
2024-10-21 23:00:00,1
2024-10-22 23:00:00,1
2024-10-23 23:00:00,1
2024-10-24 23:00:00,1
2024-10-25 23:00:00,1
2024-10-26 23:00:00,1
2024-11-04 17:00:00,7
2024-11-05 23:00:00,1
2024-11-06 23:00:00,1
2024-11-07 23:00:00,1
2024-11-08 23:00:00,1
2024-11-09 23:00:00,1
2024-11-10 23:00:00,1
2024-11-11 23:00:00,1
2024-11-12 23:00:00,1
2024-11-13 23:00:00,1
2024-11-14 23:00:00,1
2024-11-18 23:00:00,1
2024-11-19 23:00:00,1
2024-11-22 23:00:00,1
2024-11-23 23:00:00,1
2024-11-24 23:00:00,1
2024-11-25 23:00:00,1
2024-12-03 23:00:00,1
2024-12-04 23:00:00,1
2024-12-07 23:00:00,1
2024-12-08 23:00:00,1
2024-12-10 23:00:00,1
2024-12-15 23:00:00,1
2024-12-24 23:00:00,1
2024-12-27 23:00:00,1
2024-12-28 23:00:00,1
2024-12-29 11:00:00,13
2025-01-16 23:00:00,1
2025-01-18 23:00:00,1
2025-01-20 23:00:00,1
2025-01-21 22:00:00,2
2025-01-22 23:00:00,1
2025-01-23 21:00:00,3
2025-01-24 21:00:00,3
2025-02-04 23:00:00,1
2025-02-05 23:00:00,1
2025-02-06 23:00:00,1
2025-02-09 23:00:00,1
2025-02-12 23:00:00,1
2025-02-19 23:00:00,1
2025-02-20 23:00:00,1
2025-02-22 23:00:00,1
2025-02-23 23:00:00,1
2025-02-25 23:00:00,1
2025-02-26 23:00:00,1
2025-02-27 23:00:00,1
2025-02-28 23:00:00,1
2025-03-01 23:00:00,1
2025-03-03 23:00:00,1
2025-03-04 23:00:00,1
2025-03-05 23:00:00,1
2025-03-20 23:00:00,1
2025-03-21 23:00:00,1
2025-03-22 23:00:00,1
2025-03-24 23:00:00,1
2025-03-29 23:00:00,1
2025-03-30 23:00:00,1
2025-04-01 23:00:00,1
2025-04-23 23:00:00,1
2025-06-10 14:00:00,10
2025-07-18 21:00:00,3
2025-07-19 19:00:00,5
2025-07-20 23:00:00,1
2025-07-21 17:00:00,7
2025-12-19 19:00:00,5
2026-01-07 16:00:00,32
