param_target,param_regressor__min_samples_leaf,param_regressor__max_depth,rank_test_score,mean_fit_time,cv_mae,cv_mae_std,train_mae
delta,10,20,1,0.1337648391723633,87.90239755793229,19.478957446112826,43.47457721660082
delta,20,15,2,0.11886992454528808,88.9391762179599,17.1881830001215,53.869116848649625
delta,5,12,3,0.12912907600402831,89.83605804364515,16.17309444774037,42.260018514633785
delta,20,10,4,0.10948414802551269,92.98248366432199,17.166237519890267,59.735464345958256
delta,1,15,5,0.15217313766479493,99.88385643137772,21.740384713478587,15.74466875811483
delta,50,,6,0.10542111396789551,99.8865412815895,19.96529457685077,68.17780604469361
delta,50,12,7,0.1164590835571289,100.61978919597075,19.11615642873461,69.44900452121324
delta,50,10,8,0.09861321449279785,101.3724065535416,18.68228488113806,71.25157414953766
delta,1,,9,0.19545621871948243,102.04071329552615,23.81843181640212,4.44051080142419e-17
delta,10,6,10,0.08133697509765625,111.1730135771713,12.034239912027056,84.83573622955439
delta,100,12,11,0.09238276481628419,113.01723453172671,22.28740119240727,84.03999980378998
delta,100,10,12,0.08927698135375976,113.2986269390116,22.022261007391972,84.86604225818886
delta,50,6,13,0.08283305168151855,116.20633025041698,11.401010263039906,89.5568218840518
delta,100,6,14,0.0784646987915039,123.6314073814998,15.743786398960511,94.91656970906352
level,10,,15,0.11843194961547851,133.84758974646797,27.182271016496575,68.73655310529413
level,10,12,16,0.11083354949951171,134.13126592209278,26.86598149790063,70.51597359934848
level,10,10,17,0.11723132133483886,135.82783843170074,25.44853144656303,77.57897554191672
level,1,8,18,0.08881816864013672,141.46502783560413,19.45869576350388,91.92595218332603
level,20,15,19,0.10903263092041016,141.526677238796,32.33873503385373,87.50890828887682
level,20,12,20,0.11219863891601563,141.78641791835145,32.04407872303976,87.76037342160319
level,20,10,21,0.1004457950592041,142.94264997621156,30.766774264618718,90.22143564934004
level,20,8,22,0.08756942749023437,148.5515421091872,27.658899626719112,100.76827341953262
level,50,20,23,0.09545211791992188,164.19280340039603,43.768010248981966,112.20400940907146
level,10,6,24,0.07283987998962402,167.19361626026026,24.229037628636927,127.48914743948686
level,1,6,25,0.07579140663146973,168.59686502944865,24.53499977673292,127.34865998783002
level,100,10,26,0.079119873046875,187.17482571743184,54.68703381904602,133.73015416941152
level,100,20,26,0.07508993148803711,187.17482571743184,54.68703381904602,133.73015416941152
level,100,15,26,0.0777963638305664,187.17482571743184,54.68703381904602,133.73015416941152
level,100,8,29,0.07911653518676758,187.2381388763202,54.623387996060835,134.04418718018005
level,100,6,30,0.07216286659240723,193.62779604807852,49.51196303031672,142.13247686047237
