,mean_abs_shap_MW
load_ramp_1,74.725
hour,40.773
hour_sin,29.892
hour_cos,27.03
load_lag_3,23.866
load_lag_2,20.559
load_roll_mean_24,15.456
load_lag_1,11.55
load_lag_24,11.41
temp_roll_mean_24,7.33
load_roll_mean_168,6.701
load_lag_48,6.121
load_roll_std_24,5.16
temp_lag_1,4.922
load_lag_168,4.368
dow,3.479
month_cos,3.439
dayofyear,3.19
dow_sin,1.712
dow_cos,1.069
month,0.955
is_festival,0.609
is_weekend,0.593
humidity_lag_1,0.568
month_sin,0.485
weather_lag_1_storm,0.24
weather_lag_1_cloudy,0.057
weather_lag_1_rain,0.041
