param_target,param_regressor__subsample,param_regressor__reg_lambda,param_regressor__reg_alpha,param_regressor__n_estimators,param_regressor__min_child_weight,param_regressor__max_depth,param_regressor__learning_rate,param_regressor__colsample_bytree,rank_test_score,mean_fit_time,cv_mae,cv_mae_std,train_mae
delta,0.85,0.1,0,600,50,10,0.01,0.5,1,1.3756624698638915,76.06260127151704,21.040259554376686,39.86092436244833
delta,0.85,0.1,0,600,50,10,0.01,0.4,2,1.3314321041107178,76.33591987758368,20.961787794753043,39.97838082192002
delta,0.85,0.01,0,1000,50,10,0.01,0.5,3,2.038266324996948,76.7897363031183,22.32686672143337,36.1058841209916
delta,0.85,0.1,0,1000,20,14,0.01,0.5,4,4.43869833946228,76.85958800432837,24.266217435320314,21.333974098633682
delta,0.85,0.01,0,600,20,10,0.02,0.4,5,1.585174036026001,77.22460027228358,23.429459497467747,25.4744791640281
delta,0.85,0.1,0,600,50,10,0.02,0.5,6,1.1837063312530518,77.49743376186731,23.03780108099688,34.66144964565735
delta,0.85,0.01,0,1500,50,12,0.01,0.5,7,3.276743936538696,77.63745559635841,23.759762314688718,30.619765197829064
delta,0.85,0.01,0,1500,20,10,0.01,0.5,8,3.821320915222168,78.07986856547947,25.320104424307907,23.12158361834803
delta,0.85,0.01,0,600,50,12,0.02,0.6,9,1.4918866157531738,78.18353842124462,24.47671192954299,32.814053073259686
delta,0.85,0.01,0,600,100,14,0.02,0.5,10,1.1130374431610108,78.23411885485476,22.624936947410152,39.94324437925995
delta,0.85,0.1,0,1500,20,12,0.01,0.5,11,4.879881429672241,78.29156382500845,25.955782682189998,19.48821254188963
delta,0.85,0.1,0,1000,50,14,0.02,0.5,12,2.4833709239959716,78.53433691457757,24.558701500283963,26.085634301719516
delta,0.85,0.01,0,600,100,14,0.02,0.6,13,1.2170339107513428,78.64961557534491,22.878586689250703,39.91792938721757
delta,0.85,0.1,0,1000,20,10,0.02,0.4,14,2.229167604446411,78.69133671634198,25.228520928173616,20.4435261354689
delta,0.85,0.01,0,2500,20,12,0.01,0.4,15,7.19953727722168,79.20346782430715,25.87294693027045,14.004957346205419
delta,0.85,0.1,0,2500,50,12,0.01,0.4,16,5.126861238479615,79.31685267332394,25.357243547260175,25.467234842105537
delta,0.85,0.01,0,1000,100,14,0.02,0.6,17,1.8142333984375,79.32640189105004,24.15857066372504,35.02943154091689
delta,0.85,0.01,0,2500,100,12,0.01,0.6,18,4.341763257980347,79.56090890441119,24.444702928021034,33.891274124645726
delta,0.85,0.01,0,2500,100,14,0.01,0.4,19,4.1463172912597654,79.57041197483082,23.997379404417803,33.139048871586034
delta,0.85,0.1,0,2500,20,14,0.01,0.4,20,8.31187424659729,79.88146091668338,26.493847966040143,11.554113005155765
delta,0.85,0.1,0,2500,20,14,0.01,0.5,21,9.11319546699524,80.49176431187321,28.644842337741686,11.319420989952416
delta,0.85,0.01,0,2500,100,14,0.02,0.5,22,4.336496257781983,81.39364346961943,25.79276818288042,25.088890427292178
delta,0.85,0.01,0,2500,20,14,0.02,0.6,23,9.246948623657227,81.58847940079357,29.38421726448059,4.553950254381277
delta,0.85,0.01,0,2500,100,10,0.02,0.6,24,3.510545253753662,81.67654534189666,26.147768510281484,28.325220486722166
