lag,acf_xgb
0,1.0
1,0.15628238967686175
2,0.15119024650943536
3,0.09351536391482071
4,0.06286565072419839
5,0.06584802738730652
6,0.05949237538084953
7,0.07447874953158487
8,0.09905983024942
9,0.10270434210358328
10,0.08530907501561327
11,0.08536439620703234
12,0.14045303850652086
13,0.07380200993446875
14,0.06665805444913317
15,0.06426969655280733
16,0.047925006107701396
17,0.05574815704834536
18,0.029438393591142125
19,0.047485375647254725
20,0.030877774618047416
21,0.05600512699672115
22,0.04625642566861267
23,0.0833708461950895
24,0.2186371756133695
25,0.055669950313048576
26,0.02706391241900156
27,0.01939929908492479
28,0.006385315983589452
29,-0.0042061543197202305
30,-0.018824834452311142
31,-0.0013628011299851343
32,0.01220744744722748
33,0.01853730827592694
34,-0.0015803231917824352
35,0.020954590173617883
36,0.05665383338747434
37,0.020148420997123863
38,-0.014754893480173477
39,0.0023100131265296592
40,-0.014669876521479691
41,-0.00415053096729173
42,-0.03342791546373311
43,-0.011915832003982932
44,-0.006834917893973071
45,0.029750835046040532
46,0.02209847651699849
47,0.06385767888216531
48,0.14854786901995184
