model,month,n,MAE_walkforward,MAE_static
Lasso + hour×month,2025-06,111,83.708,82.241
Lasso + hour×month,2025-07,728,67.733,67.833
Lasso + hour×month,2025-08,744,67.262,67.766
Lasso + hour×month,2025-09,720,57.707,58.016
Lasso + hour×month,2025-10,744,68.167,68.968
Lasso + hour×month,2025-11,720,58.379,57.69
Lasso + hour×month,2025-12,739,65.952,65.656
Lasso + hour×month,2026-01,256,65.675,66.589
"MLP v4 [64,32] Δ-target",2025-06,111,68.258,65.328
"MLP v4 [64,32] Δ-target",2025-07,728,60.064,59.609
"MLP v4 [64,32] Δ-target",2025-08,744,55.354,58.089
"MLP v4 [64,32] Δ-target",2025-09,720,48.414,49.933
"MLP v4 [64,32] Δ-target",2025-10,744,48.512,48.582
"MLP v4 [64,32] Δ-target",2025-11,720,40.216,41.367
"MLP v4 [64,32] Δ-target",2025-12,739,48.124,50.129
"MLP v4 [64,32] Δ-target",2026-01,256,54.422,60.237
Naive-1 + hourly step,2025-06,111,92.244,91.166
Naive-1 + hourly step,2025-07,728,78.545,78.545
Naive-1 + hourly step,2025-08,744,73.577,73.577
Naive-1 + hourly step,2025-09,720,73.683,73.683
Naive-1 + hourly step,2025-10,744,84.531,84.531
Naive-1 + hourly step,2025-11,720,63.235,63.235
Naive-1 + hourly step,2025-12,739,69.198,69.198
Naive-1 + hourly step,2026-01,256,75.111,75.111
Random Forest,2025-06,111,69.925,68.384
Random Forest,2025-07,728,56.728,56.551
Random Forest,2025-08,744,53.732,55.14
Random Forest,2025-09,720,49.01,50.74
Random Forest,2025-10,744,50.678,52.448
Random Forest,2025-11,720,42.19,42.515
Random Forest,2025-12,739,49.616,50.226
Random Forest,2026-01,256,54.504,55.162
XGBoost,2025-06,111,69.14,68.891
XGBoost,2025-07,728,57.018,57.714
XGBoost,2025-08,744,53.901,54.871
XGBoost,2025-09,720,48.187,49.889
XGBoost,2025-10,744,48.86,50.165
XGBoost,2025-11,720,41.236,41.547
XGBoost,2025-12,739,49.452,49.67
XGBoost,2026-01,256,62.023,62.535
