split,model,subset,n,MAE,RMSE,MAPE,R2,Bias,skill_vs_naive1
val,Naive-1 (persistence),all,2381,192.433,253.0839,3.9531,0.9534,1.0198,0.0
val,Naive-1 (persistence),peak,363,257.3604,313.4021,3.7907,0.6493,57.1413,0.0
val,Seasonal naive-24,all,2381,319.5396,466.3741,6.4004,0.8419,37.8492,-0.6605
val,Seasonal naive-24,peak,363,456.7074,640.7134,6.6468,-0.4657,268.2301,-0.7746
val,Seasonal naive-168,all,2381,590.8563,781.9406,11.426,0.5556,217.9106,-2.0705
val,Seasonal naive-168,peak,363,1146.3535,1335.2044,16.4462,-5.3653,714.8745,-3.4543
val,Calendar climatology,all,2381,571.1637,722.5103,11.4812,0.6205,292.0687,-1.9681
val,Calendar climatology,peak,363,857.2653,1038.8517,12.2848,-2.8533,830.2518,-2.331
val,Naive-1 + hourly step,all,2381,94.1516,147.2208,1.9837,0.9842,0.6501,0.5107
val,Naive-1 + hourly step,peak,363,91.1917,155.7113,1.3351,0.9134,6.0875,0.6457
test,Naive-1 (persistence),all,4762,204.6846,265.2008,5.0549,0.9586,0.4236,0.0
test,Naive-1 (persistence),peak,588,193.4817,237.0646,2.9539,0.508,46.6939,0.0
test,Seasonal naive-24,all,4762,247.1099,371.2156,5.3316,0.9189,-8.7604,-0.2073
test,Seasonal naive-24,peak,588,317.3331,409.7277,4.8312,-0.4697,162.8211,-0.6401
test,Seasonal naive-168,all,4762,413.9054,592.3004,8.9893,0.7935,-72.9281,-1.0222
test,Seasonal naive-168,peak,588,583.5597,736.3761,8.8576,-3.7472,413.8676,-2.0161
test,Calendar climatology,all,4762,396.8325,503.673,8.8895,0.8507,116.0587,-0.9388
test,Calendar climatology,peak,588,648.6123,726.1672,9.8169,-3.6165,621.1247,-2.3523
test,Naive-1 + hourly step,all,4762,74.3131,104.2844,1.7735,0.9936,2.1582,0.6369
test,Naive-1 + hourly step,peak,588,66.2564,92.0165,1.0135,0.9259,8.6149,0.6576
