,OLS,Ridge (1-SE α),Ridge,Lasso (1-SE α),Lasso,OLS + hour×month,Ridge + hour×month (1-SE α),Ridge + hour×month,Lasso + hour×month (1-SE α),Lasso + hour×month
dow_1,-15.869015778988725,-16.803680026587895,-15.872912704904676,-9.942492745657102,-15.861358660284314,-8.095896812646473,-8.998190966796157,-8.095906875216425,-0.0,-7.935308837416036
dow_2,-26.121700411553917,-27.660589455235773,-26.12807034108842,-19.09308940925766,-26.11239959858516,-12.036606825924181,-14.166694083073056,-12.036632791100889,-2.5578754981324,-12.364615303725312
dow_3,-28.376410975276393,-30.11728302030526,-28.383572160196707,-21.85649919064426,-28.36813166101039,-12.479651473504106,-14.834038126603625,-12.479680240687696,-4.8318785803393025,-12.912681991726846
dow_4,-26.197219350673087,-27.744105048469276,-26.20361680458756,-19.054501401747466,-26.18760739678758,-11.66666664167812,-13.987966431812932,-11.666695606332953,-2.2692836338527793,-12.123843472759575
dow_5,-35.630471839695794,-37.909203386902426,-35.639753714723184,-30.680879274758023,-35.624021648618026,-18.097056534668127,-20.827007786972022,-18.097088762443747,-14.727836351837771,-18.347978243093063
dow_6,-27.4661626398373,-29.344342437563153,-27.47372808211674,-24.156890772921688,-27.461609281105666,-14.736045228653865,-16.809881040711954,-14.736069382978627,-12.71055791377374,-14.802655600671855
h10_m10,,,,,,-29.24808653026446,-16.543628001118563,-29.247899087634217,0.0,-17.501226106469026
h10_m11,,,,,,-20.583414339269694,-10.22521419949415,-20.583258644417132,-0.0,-9.910232730923655
h10_m12,,,,,,-14.097010467966953,-4.266225163394519,-14.096862618944181,-0.0,-3.919505780663135
h10_m2,,,,,,-10.082067853547926,-1.3376035526486487,-10.08193401259115,0.0,-0.5713188984872456
h10_m3,,,,,,-17.637184268326408,-8.131094764532692,-17.637038345916135,-0.0,-6.989545150675793
h10_m4,,,,,,-34.38816851264747,-20.071214359873633,-34.387955969811586,0.0,-20.95584743991495
h10_m5,,,,,,-37.952611878234634,-21.078615888004382,-37.95236313046197,0.0,-22.87808383406881
h10_m6,,,,,,-36.79164285898249,-19.81219652438998,-36.79139339859743,2.7396400982728797,-22.007148494407993
h10_m7,,,,,,-28.236844367539042,-14.430635708403347,-28.236641708047866,0.0,-15.801738937844888
h10_m8,,,,,,-28.250725736904904,-14.512464942458225,-28.250523675632177,0.0,-15.777333731107824
h10_m9,,,,,,-28.157116480222854,-15.0528068952234,-28.156923428693347,0.0,-16.166329266362794
h11_m10,,,,,,-33.62697982093115,-21.032446076388755,-33.62679630204931,-0.0,-22.01385588642557
h11_m11,,,,,,-23.311487205537304,-12.10253581635972,-23.311321948504816,0.0,-12.669130950358419
h11_m12,,,,,,-14.746703988272728,-4.415284546436317,-14.74655039708494,0.8473671289137272,-4.637039193972697
h11_m2,,,,,,-12.760177944393668,-3.1992221946807344,-12.760034352606048,0.0,-3.1982742624447558
h11_m3,,,,,,-19.555194919458145,-9.098050373646823,-19.55503805020481,0.0,-8.888280347686027
h11_m4,,,,,,-39.06170592431675,-24.717406921637956,-39.061496094385696,-0.0,-25.787453639838695
h11_m5,,,,,,-42.61339319385577,-25.9397098867236,-42.613150655430374,-0.0,-27.79295398331854
h11_m6,,,,,,-43.60504655078393,-26.597705828877114,-43.60480103517502,0.0,-29.12695987504826
h11_m7,,,,,,-32.93803302099192,-19.26050539868553,-32.93783478457493,-0.0,-20.721408784346085
h11_m8,,,,,,-32.90247836027608,-19.217041504238676,-32.90227981477342,-0.0,-20.63854696626671
h11_m9,,,,,,-32.54147377626546,-19.505996837130205,-32.541284154034244,-0.0,-20.712586196171426
h12_m10,,,,,,-25.90614818829502,-14.230904786407454,-25.905977007571064,0.0,-14.51940036212745
h12_m11,,,,,,-18.261111754957096,-7.7366631558691905,-18.260956288233714,0.0,-7.769709246312561
h12_m12,,,,,,-12.90460285103252,-2.8767951404015553,-12.904453778473606,0.0,-2.8555647686375343
h12_m2,,,,,,-11.035318064188171,-1.9347268497421615,-11.035181028055348,-0.0,-1.5049965701715233
h12_m3,,,,,,-14.736974860400835,-4.839241580997052,-14.736826336126551,0.0,-4.199483692383678
h12_m4,,,,,,-30.90265129820002,-17.554286773464824,-30.902455136324487,0.0,-17.879813141403613
h12_m5,,,,,,-33.25645211528903,-17.75871250497219,-33.25622568951532,0.0,-18.807956769727316
h12_m6,,,,,,-32.72695326637633,-17.286906441459188,-32.72672920530171,1.818488427229452,-18.703563829604875
h12_m7,,,,,,-24.816706348554042,-12.38588728315304,-24.816525122474765,0.0,-13.085095864481891
h12_m8,,,,,,-25.849909378260936,-13.218474266608217,-25.849725085363904,0.0,-13.878789909178153
h12_m9,,,,,,-24.926833438275594,-12.905479485775501,-24.926657504095918,0.0,-13.381501964670747
h13_m10,,,,,,-24.808343816402953,-12.636830326458702,-24.808166847768362,-1.0975665200931253,-13.66805064897617
h13_m11,,,,,,-18.223779978744687,-7.403911113878118,-18.223621470130137,-1.8311444494332716,-7.916842285107653
h13_m12,,,,,,-12.499230139600847,-2.3972533237471882,-12.499080341498148,-2.361506038939057,-2.5186017046753566
h13_m2,,,,,,-9.851601107368667,-0.6209039421209211,-9.851462450952504,-2.904882836567721,-0.35502092690043013
h13_m3,,,,,,-14.520987993253797,-4.260606555976947,-14.520835607116425,-2.2981067712025176,-4.109029449315285
h13_m4,,,,,,-27.3011916871172,-13.527721577590926,-27.300990791754444,-0.0,-14.587301384660524
h13_m5,,,,,,-25.95188570868774,-10.13434767458234,-25.951655917793058,0.3187671556574397,-11.945654365040586
h13_m6,,,,,,-24.951392964877652,-9.167193627730809,-24.951165419611158,3.988980179457278,-11.474533934950928
h13_m7,,,,,,-17.45433751032825,-4.849025210040122,-17.45415452124949,1.925622916044718,-6.107239138591773
h13_m8,,,,,,-16.868039893592663,-4.152293417161312,-16.867854929352184,1.8337611443844528,-5.297998496396388
h13_m9,,,,,,-19.979717990007444,-7.696540689999803,-19.979539243158364,0.0,-8.79038390974855
h14_m10,,,,,,-17.206232914389176,-5.687401155567956,-17.206065769825134,3.0459218260143346,-6.5381762146040865
h14_m11,,,,,,-17.226252887985783,-6.7159967211342035,-17.22609939925619,-0.0,-7.163370072588848
h14_m12,,,,,,-11.680023565042164,-1.6675325659181535,-11.679875550978851,-0.0,-1.849051725450326
h14_m2,,,,,,-9.048621675604345,0.2384525439179543,-9.048482994520437,-0.0,0.2926006741592721
h14_m3,,,,,,-12.03778905338936,-2.0362978295979333,-12.037641100773184,-0.0,-1.8612658466386363
h14_m4,,,,,,-16.901547455676603,-3.5974891030647145,-16.90135434364778,8.403322373131042,-4.731094133636378
h14_m5,,,,,,-17.40566883989709,-1.9117574282001835,-17.405445642427754,11.350879587372091,-4.124661944819444
h14_m6,,,,,,-23.04992543566935,-7.4598173042645355,-23.049703180073898,8.590624903243372,-10.32212665796638
h14_m7,,,,,,-13.456037248815605,-0.8033304643314227,-13.455855617146455,8.449473013251987,-2.634655101356604
h14_m8,,,,,,-11.239190227613875,1.590722572908399,-11.239005948027593,10.121884924341519,-0.2626862525101669
h14_m9,,,,,,-14.905001572103913,-2.851998541087983,-14.904827562802103,5.757363092451737,-4.217592259467006
h15_m10,,,,,,-32.76999332263731,-20.30671149829022,-32.76981629411679,0.0,-22.22432418661607
h15_m11,,,,,,-23.3569129330306,-12.677539495832903,-23.35675846327148,0.0,-13.368402332924592
h15_m12,,,,,,-14.700135592298922,-4.524730245509085,-14.699986603885579,1.9627060389696247,-4.900220710123848
h15_m2,,,,,,-11.988704064223427,-2.517128735499952,-11.988564161011947,1.230120355497496,-2.612707160859906
h15_m3,,,,,,-18.662294747274174,-8.32055242493613,-18.66214393596153,0.16251074391350143,-8.559335210008093
h15_m4,,,,,,-38.86029776138899,-24.266563212567743,-38.86009120597801,0.0,-26.840825190729472
h15_m5,,,,,,-45.132043223306,-28.649023559532544,-45.13181086896652,-0.0,-32.071464755105225
h15_m6,,,,,,-48.52139490724642,-32.77317743156022,-48.52117334444773,-0.7686610809373908,-35.99911062631224
h15_m7,,,,,,-35.68169951052951,-22.531063927823368,-35.68151416679488,-0.0,-25.006477174093515
h15_m8,,,,,,-36.320222250273446,-22.847907193366783,-36.32003295895538,-0.010512907448885176,-25.52853222646688
h15_m9,,,,,,-33.58938352726011,-20.92818711276483,-33.58920416491352,-0.0,-23.050742418078976
h16_m10,,,,,,-30.438111889807026,-20.139978852520304,-30.43796199089121,0.0,-20.110005050202517
h16_m11,,,,,,-19.475491662000113,-9.751987372236256,-19.4753488583566,2.4482276943837435,-9.605827190050208
h16_m12,,,,,,-12.22429830035017,-2.5531173310148914,-12.22415559046161,4.161185717193392,-2.4998607063247764
h16_m2,,,,,,-9.427773820554973,-0.4023298235883915,-9.42763954371289,3.5743985765334365,-0.10758016766104728
h16_m3,,,,,,-15.277584595382208,-5.956907622669666,-15.277446481019318,2.5644061849391933,-5.292694059778035
h16_m4,,,,,,-36.29073698417714,-24.668251613822374,-36.29056754549915,0.0,-24.466811531593766
h16_m5,,,,,,-43.36960391001836,-30.41955420437658,-43.369414825376886,-0.7987210511389343,-30.451614187424333
h16_m6,,,,,,-45.361579054305835,-32.78134320666976,-45.361395195670184,-0.688635309645018,-32.93545476453092
h16_m7,,,,,,-33.39524601872662,-23.02449063508323,-33.395094371413926,-0.0,-22.81122277801113
h16_m8,,,,,,-33.85955241245582,-23.57521676703181,-33.85940212334621,-1.3128957337495724,-23.2487531731492
h16_m9,,,,,,-32.98914633434542,-22.693539646086386,-32.98899588628326,-0.0,-22.549093893722194
h17_m10,,,,,,-43.429764351579905,-32.084376495804825,-43.42959976883572,-0.0,-32.870410628484265
h17_m11,,,,,,-24.205763644940156,-13.806984033914324,-24.205612414957262,8.489074402610363,-14.411795602925922
h17_m12,,,,,,-12.979082702712734,-2.8237649366402797,-12.978934318488225,13.762066396915694,-3.284000441624362
h17_m2,,,,,,-17.324805519266484,-7.596970958054249,-17.324662867329362,6.154449842670762,-7.930953657199784
h17_m3,,,,,,-29.805122758535006,-19.457898228781467,-29.80497165788516,0.0018689422525196863,-19.67151153000947
h17_m4,,,,,,-58.40461476144854,-45.33716217923957,-58.40442483855713,-3.7689769600769574,-46.2424494598753
h17_m5,,,,,,-71.04374838314313,-56.45617389680977,-71.04353523867576,-11.429412283328917,-57.658315828100484
h17_m6,,,,,,-72.32643038339856,-57.90022808089566,-72.32621975345504,-10.857397140585775,-59.361165655565436
h17_m7,,,,,,-53.81982592689164,-42.022061320508904,-53.81965342254843,-6.413203380030247,-42.83563036661302
h17_m8,,,,,,-53.95416717817679,-42.21553258268251,-53.953995438714315,-7.255394667266841,-42.92794677587078
h17_m9,,,,,,-51.130596399867365,-39.80494998526996,-51.13043077513901,-5.424825795110838,-40.42173518783726
h18_m10,,,,,,-29.32100421391592,-19.828187690483624,-29.32086041621872,2.9813831525442116,-18.755867901299286
h18_m11,,,,,,-26.107262651793114,-16.43672189984735,-26.107119907299975,0.0,-16.320029264019386
h18_m12,,,,,,-20.93588745811903,-10.860353592375496,-20.935739878878387,0.0,-11.215122179731678
h18_m2,,,,,,-6.7638589566888,1.6475118922185414,-6.76373201472966,8.461937292674849,2.4684236094608765
h18_m3,,,,,,-15.850400437475813,-7.600914721522292,-15.850273943557328,4.535302153363672,-5.7905087996621605
h18_m4,,,,,,-42.59224483454848,-32.3240112642432,-42.592086207284936,-0.0,-30.300750271035923
h18_m5,,,,,,-54.25267805016838,-42.88375831947787,-54.252500072835254,-6.481513246716446,-40.5525402242578
h18_m6,,,,,,-58.94614295508712,-47.531016579787305,-58.94596514228141,-8.857334611727739,-45.61544264214795
h18_m7,,,,,,-39.36690687226727,-30.072099242944468,-39.366762111568185,-1.5908116547330577,-28.248176201152052
h18_m8,,,,,,-39.58437681978717,-30.216224244450537,-39.58423076565946,-2.2358228896702856,-28.31983357588589
h18_m9,,,,,,-32.96216955427256,-23.96163185319922,-32.962029507043574,0.0,-22.12050855245271
h19_m10,,,,,,-28.716960949627946,-17.649972626933614,-28.716795316405307,-0.0,-18.07174876134721
h19_m11,,,,,,-23.46687939411848,-14.089630974117833,-23.466738456256184,-3.0884093056849484,-13.581682725349426
h19_m12,,,,,,-14.361472359665576,-5.422531414344831,-14.361337441868834,-0.9018985853657772,-4.593796944574937
h19_m2,,,,,,-11.217514142554037,-1.6013576682786137,-11.21737114880622,-0.0,-1.8857772018296945
h19_m3,,,,,,-13.354942020934729,-3.6072245044133004,-13.354794868869622,0.0,-3.264921784135971
h19_m4,,,,,,-26.72080914904894,-14.79803019495906,-26.720625962758582,3.9183724719702804,-14.341887213101852
h19_m5,,,,,,-32.25957968809144,-18.999806826109715,-32.25937283867783,2.3746686850104406,-18.35439008855769
h19_m6,,,,,,-37.64426459641008,-24.5516337046627,-37.64406042223922,0.0,-24.011909136142922
h19_m7,,,,,,-20.45723421094722,-9.676907320357431,-20.45706706323141,5.587596675935121,-9.220857770311659
h19_m8,,,,,,-15.842696407006883,-5.062510223075687,-15.842528858950644,9.570004621102541,-4.5045045120619776
h19_m9,,,,,,-19.94260406317462,-9.090653964456752,-19.94243804419354,5.265051326538894,-9.114794756548008
h1_m10,,,,,,-33.126717597360624,-20.312568986285942,-33.12653719171123,-0.0,-23.516914510796532
h1_m11,,,,,,-20.104901423074068,-8.615991942617914,-20.104737861215465,0.0,-10.732264538194926
h1_m12,,,,,,-13.826556285569758,-2.85485996012056,-13.826397883835392,0.0,-4.266414184563666
h1_m2,,,,,,-9.077291437478095,0.8449811986714959,-9.077146560507392,0.0,-0.0
h1_m3,,,,,,-14.478289388174556,-3.899839938067269,-14.478136504121613,0.1402382569257923,-4.959779770439088
h1_m4,,,,,,-37.5435082402,-22.843795092684243,-37.543300938379765,-0.0,-26.56833682160163
h1_m5,,,,,,-44.44780891409896,-28.2578310793542,-44.44757998992311,-0.8875991706691934,-32.75132518618497
h1_m6,,,,,,-47.249421960739255,-30.962984486714774,-47.249192920260626,-0.1620264027645069,-35.958429257130014
h1_m7,,,,,,-35.565314405948726,-22.64440275577568,-35.565131083679375,-0.6572217310536156,-25.891309906262517
h1_m8,,,,,,-34.97483041096899,-22.03684286523911,-34.974646853665305,-1.0117797910692399,-25.255022442324957
h1_m9,,,,,,-33.419815913393926,-20.84445739239391,-33.41963779289918,-0.2215428075889836,-23.927811539492218
h20_m10,,,,,,-31.679903254664048,-20.682285929518546,-31.679739491691336,-2.022800034405472,-21.01772396864072
h20_m11,,,,,,-24.441908292260052,-14.663116841171849,-24.441761623597657,-2.830114774618328,-14.480170038855956
h20_m12,,,,,,-16.466319821519484,-6.600225204570967,-16.466172328521107,-0.702022619651994,-6.6197824740522355
h20_m2,,,,,,-14.090789454791796,-5.110844632350774,-14.090655135296963,-2.6054640213460725,-4.7678794353327465
h20_m3,,,,,,-20.861436961754592,-10.931821893831525,-20.86128889237997,-2.922765597908613,-10.765172789801648
h20_m4,,,,,,-32.76085867277444,-19.230632870332556,-32.76065749141552,0.0,-20.41286008485825
h20_m5,,,,,,-26.525566740153906,-11.227013231947709,-26.525336665147595,10.250617809801797,-12.740606807234338
h20_m6,,,,,,-19.411778529053812,-4.640594931984525,-19.411555145471553,19.190852499978316,-6.003969324870447
h20_m7,,,,,,-16.235089817761633,-3.9524260855632085,-16.234906494418272,11.14795868779306,-5.299900211938949
h20_m8,,,,,,-20.70863257912461,-7.585193525173928,-20.70843854488029,7.494516799088373,-9.5136225706089
h20_m9,,,,,,-25.61866053159369,-13.639369649627339,-25.618482979606867,0.5802120536804906,-14.89863656533551
h21_m10,,,,,,-26.688277526118398,-16.178086202382715,-26.688120094418327,0.0,-16.134622940417856
h21_m11,,,,,,-23.70534317305951,-14.023770535968827,-23.705197581764455,-1.4790565759472007,-13.72360920230827
h21_m12,,,,,,-17.209236683502805,-7.581881667595401,-17.20909227608763,-1.158852426379275,-7.325293864742185
h21_m2,,,,,,-14.275850773267944,-5.512800254344146,-14.275718517334363,-2.059640705965448,-4.944322961166337
h21_m3,,,,,,-20.53279146193148,-11.401759084571204,-20.532653430955516,-2.9266908925602206,-10.435417196437246
h21_m4,,,,,,-28.168075578354895,-15.753696418209046,-28.167890866177125,2.327922249751034,-16.10600324057729
h21_m5,,,,,,-18.916022763403035,-3.8171873569866226,-18.915799829489313,16.55269609313859,-5.6322367882790205
h21_m6,,,,,,-15.08996923588687,0.7558367526939717,-15.08973809942865,23.97120628311531,-2.333220594317014
h21_m7,,,,,,-10.186191405339443,1.810398817734294,-10.186015537245693,16.015042295762555,0.2620242923593234
h21_m8,,,,,,-11.786888829430204,-0.04183255900245486,-11.78671588523349,13.521423208480643,-1.0329383412769244
h21_m9,,,,,,-16.303717056200995,-5.503384478664138,-16.303556392997287,7.864426051789112,-5.884256816060749
h22_m10,,,,,,-20.049329565747833,-9.252430547131205,-20.049168983254532,3.381381017622951,-9.624326608469394
h22_m11,,,,,,-19.31160600930363,-9.605281170401959,-19.311460100721487,-0.0,-9.302111509746133
h22_m12,,,,,,-14.093122891474252,-4.526362244199952,-14.092979102700069,-0.06774989880092863,-4.151003187702965
h22_m2,,,,,,-10.545149434231249,-1.7903240943210446,-10.545016733248474,-0.0,-1.1368230047757608
h22_m3,,,,,,-14.794433716912593,-5.61792234328636,-14.794294333517287,-0.0,-4.654965807483676
h22_m4,,,,,,-21.110299868428953,-8.53175022307524,-21.110114240226974,7.337586145729929,-9.292135333404348
h22_m5,,,,,,-19.82094466015468,-4.482440789959341,-19.820722595110055,12.892162022310561,-6.971179570665901
h22_m6,,,,,,-21.79462537963323,-6.367532582283376,-21.794405295572755,13.017331952222532,-9.646280613952362
h22_m7,,,,,,-17.465668655798765,-5.196807180773883,-17.465492580705398,6.892027274666206,-7.310597322056712
h22_m8,,,,,,-16.014358551354277,-3.724783322644328,-16.0141813939833,8.035924710043298,-5.725815245797849
h22_m9,,,,,,-16.20663992284568,-4.713084217157563,-16.206472279827086,7.224038121446986,-6.114804892141202
h23_m10,,,,,,-8.848209317347631,-0.07073974802995942,-8.848079658914223,0.0,-0.8834737612544579
h23_m11,,,,,,-6.156583362722287,1.7354445718509384,-6.156464755343111,-0.0,1.6362253991631235
h23_m12,,,,,,-5.292422601812579,2.1174711894214533,-5.292310791218069,-3.637363186230482,2.140235067826971
h23_m2,,,,,,-3.136661711148932,3.110419269663406,-3.1365666335479956,-3.4204598638113497,3.302558173117612
h23_m3,,,,,,-1.549238800707613,4.754262548165025,-1.5491432624347012,-0.0,5.0150831117237455
h23_m4,,,,,,-9.728727633061212,1.6162573614738367,-9.728561310830372,2.7591354131501826,0.3208741906955975
h23_m5,,,,,,-13.653358656701045,-0.3223215807712857,-13.653165381283332,0.8517614789402543,-2.381507665875029
h23_m6,,,,,,-17.68721431446434,-4.3426899210868655,-17.687023101528105,0.016426804004862284,-6.734411724110593
h23_m7,,,,,,-9.770997058063614,0.5623261922239361,-9.77084678850744,0.0,-0.5444871150438373
h23_m8,,,,,,-9.235551751226708,0.7350361333784368,-9.235406989814118,0.0,-0.4396411221790538
h23_m9,,,,,,-7.766319996170381,1.0581698587798376,-7.766191494219302,0.003294920111537322,0.0
h2_m10,,,,,,-28.939361195876174,-20.32562944019262,-28.93923439652851,-0.06631734587087597,-19.453725144780282
h2_m11,,,,,,-19.572131563455073,-10.736436439126532,-19.572002925285883,0.0,-10.37328263319778
h2_m12,,,,,,-12.796995216105412,-3.678986270139322,-12.796861588683472,0.0,-3.3734819130607896
h2_m2,,,,,,-9.395682626850366,-0.6340150734335264,-9.395553417903175,0.0,-0.3986884871603422
h2_m3,,,,,,-14.861520891572042,-6.151585334772164,-14.861392536463763,0.0,-5.471872863012088
h2_m4,,,,,,-34.216162309528464,-24.308508461873515,-34.216016001961194,-0.0,-23.392529931248507
h2_m5,,,,,,-40.81712838698779,-30.164696320963614,-40.816969050255125,-2.6460047479856716,-29.169736804157875
h2_m6,,,,,,-41.93172170773417,-31.610803474334823,-41.931567707549455,-1.15423600468048,-30.722527851897436
h2_m7,,,,,,-29.72857740050342,-21.242194659505724,-29.72844960805484,-0.0,-20.09524809672434
h2_m8,,,,,,-29.890996820214013,-21.320312759263253,-29.890868050691036,-0.13102112084419804,-20.212162321480506
h2_m9,,,,,,-29.198015414387896,-20.81182056675952,-29.197890071593434,-0.08597704222352082,-19.780940858266554
h3_m10,,,,,,-28.408986145243787,-18.885298616937966,-28.408843762913996,-0.0,-18.817773503225673
h3_m11,,,,,,-18.688847808833046,-9.635271739375582,-18.688713974547944,-0.0,-9.502668629056794
h3_m12,,,,,,-13.232800643852825,-3.8741078700764193,-13.232662388560808,-0.0,-3.820353060278072
h3_m2,,,,,,-9.012877977353561,-0.27309276091742546,-9.012747854584019,-0.0,-0.041479953323284545
h3_m3,,,,,,-13.721201137863595,-5.005500719998471,-13.72107073217668,0.0,-4.3651466536642305
h3_m4,,,,,,-32.355410373974046,-21.631133716047096,-32.35524887624226,-0.0,-21.423741975268992
h3_m5,,,,,,-37.280970352001226,-25.562265241824363,-37.28079134315259,-0.0,-25.41310342449701
h3_m6,,,,,,-40.87239294177627,-29.150553791461856,-40.872214766186474,-0.0,-29.385188982412352
h3_m7,,,,,,-27.863650942423977,-18.119072303982453,-27.86350240269763,0.0,-18.01170112506851
h3_m8,,,,,,-28.35466724508532,-18.616646526557037,-28.354518936119202,-0.0,-18.462802699326325
h3_m9,,,,,,-27.591097718796007,-18.237876379316592,-27.590955701120794,-0.0,-18.008273901608767
h4_m10,,,,,,-35.31387306797566,-25.43717346240157,-35.313725238436916,0.0,-25.503816843303
h4_m11,,,,,,-21.766284497130215,-12.511010413878052,-21.766147484845167,2.5782841301915145,-12.525973200332459
h4_m12,,,,,,-13.463224098870683,-4.138134161843762,-13.46308604499397,4.414715555115145,-4.055360294882733
h4_m2,,,,,,-9.526024311072245,-0.7112995963528284,-9.525893100832802,4.938643098308839,-0.569067549419058
h4_m3,,,,,,-16.070234892102192,-7.162944642064923,-16.07010155524827,4.347431342870026,-6.6983020875405686
h4_m4,,,,,,-41.580089489166504,-30.310333905666813,-41.57991988839151,0.0,-30.417594806622603
h4_m5,,,,,,-49.961368844745806,-37.264396162542745,-49.96117585217953,-0.0,-37.696838965879344
h4_m6,,,,,,-53.95515191574893,-41.47969389587862,-53.954962366334705,-0.7075677256011025,-42.020765171783275
h4_m7,,,,,,-39.59891565263019,-29.136341337973278,-39.59875719136029,-0.0,-29.413083147216454
h4_m8,,,,,,-38.73767399265033,-28.357457819251923,-38.73751658010555,-0.0,-28.52548574557287
h4_m9,,,,,,-37.410841627764924,-27.40261390865147,-37.410690223383796,-0.0,-27.518200070054206
h5_m10,,,,,,-43.48073825229294,-33.5379166830838,-43.48058846513372,-0.0,-33.312537958451394
h5_m11,,,,,,-27.794996688380543,-18.404152022017833,-27.794857576993,3.9947461833077336,-18.408003555598974
h5_m12,,,,,,-10.199704314711902,-0.7780569828458536,-10.199565027087377,14.969972472170857,-0.8425831876819253
h5_m2,,,,,,-8.100342018709071,0.7921849613517017,-8.100209954898448,13.406551937610862,0.7743337371883742
h5_m3,,,,,,-24.07757849094132,-15.022333312964703,-24.07744320337232,4.066366367567124,-14.608894928422977
h5_m4,,,,,,-51.92339659801781,-40.79044793599194,-51.92322750134007,-0.0,-40.369166276100934
h5_m5,,,,,,-66.69117444303458,-54.11392193556039,-66.6909814414603,-7.6218790426298835,-53.81275686445578
h5_m6,,,,,,-71.32226590208528,-58.87502380844289,-71.32207474496151,-9.567862576435678,-58.7003218922379
h5_m7,,,,,,-53.79247499946286,-43.51583224169748,-53.792317619041846,-6.245875412006915,-43.07862857212589
h5_m8,,,,,,-53.48373018444289,-43.10563903713323,-53.48357156059398,-6.744431033454914,-42.732722924977644
h5_m9,,,,,,-49.88142725241159,-40.014229904110444,-49.88127657160218,-4.41863766830779,-39.550158257006885
h6_m10,,,,,,-56.626674176528496,-46.29297867890243,-56.62651764925462,-4.892576326986028,-45.78392440511825
h6_m11,,,,,,-40.00633526848826,-30.336232024601657,-40.00619170310357,0.0,-30.160809099551013
h6_m12,,,,,,-20.727113610082156,-10.448453729344896,-20.726964237473602,11.376032401160018,-11.212026323930731
h6_m2,,,,,,-15.013562035748315,-5.6430427543800645,-15.013424528709226,12.624596812859163,-6.007615597288547
h6_m3,,,,,,-30.713475437655845,-21.922868492252064,-30.713342641058087,2.857696445604056,-20.934263568141272
h6_m4,,,,,,-68.03290839263133,-56.63245024135182,-68.03273384510797,-7.161399027995062,-55.75234827650384
h6_m5,,,,,,-88.03322561840781,-75.26328487956873,-88.03302688117641,-21.40524226627238,-74.05675282363744
h6_m6,,,,,,-95.40193939808518,-82.62021885314206,-95.40174033579649,-26.160163241221202,-81.55050395498928
h6_m7,,,,,,-69.83408026297937,-59.393152638879954,-69.83391782617393,-16.145805528556643,-58.18664882102981
h6_m8,,,,,,-67.65635017191781,-57.256895854361595,-67.6561884000288,-14.980368198689499,-56.00058830587822
h6_m9,,,,,,-62.3846131071339,-52.33450800093329,-62.38445734492177,-10.805028518129083,-51.206840762619606
h7_m10,,,,,,-55.53676421279695,-45.833392823100795,-55.536611787910786,-4.559702398387291,-44.022295808044866
h7_m11,,,,,,-38.84122736977672,-29.994551530573126,-38.84109096904308,0.0,-28.518551788404075
h7_m12,,,,,,-31.33590292106627,-21.800499473741123,-31.33576166147384,0.0,-21.479503268726507
h7_m2,,,,,,-20.358181451441695,-11.623240564859875,-20.35805090816404,6.5726533922307135,-11.172360031001368
h7_m3,,,,,,-34.16291475177172,-25.57964615193075,-34.16278177030296,0.0,-23.96616528719119
h7_m4,,,,,,-65.74199505307656,-55.156136023310296,-65.74182610660927,-5.958872513856842,-52.667031822141546
h7_m5,,,,,,-69.1100365545851,-57.61641207568935,-69.10984735855688,-4.351829400707825,-54.168542160027336
h7_m6,,,,,,-68.34465641411526,-57.25719203984801,-68.34447170714775,-1.906966384581554,-53.545609647679605
h7_m7,,,,,,-51.86272465239101,-42.41464039076119,-51.86256939675413,-0.0,-39.46720445137823
h7_m8,,,,,,-52.4562254699223,-42.77326752216274,-52.45606758686657,-0.9361960399848424,-40.043939356256466
h7_m9,,,,,,-52.66520635402526,-43.14763019888548,-52.665052732039605,-1.871734506386547,-40.77202218670006
h8_m10,,,,,,-29.497202505055185,-19.731372952052375,-29.49704524191095,-0.0,-17.682464489591112
h8_m11,,,,,,-20.58963415535483,-11.710203853259069,-20.58949358571821,-0.0,-10.039522024946866
h8_m12,,,,,,-11.93607356706265,-3.855780915984346,-11.93594658292989,-0.0,-1.9422541392432675
h8_m2,,,,,,-13.550599453142844,-5.532390505913834,-13.550475042467768,-2.0376668258917388,-4.2283191557964415
h8_m3,,,,,,-19.264743858829632,-11.181224612446195,-19.264613772290758,-1.794804600731483,-8.847443882456128
h8_m4,,,,,,-35.3142184631579,-24.43352302443681,-35.31404100951652,-0.0,-21.856301076993553
h8_m5,,,,,,-36.932605875250445,-23.222623838886186,-36.9323844633776,0.7038062995820061,-21.581842686744125
h8_m6,,,,,,-41.657285045147034,-27.222935056792064,-41.657054273043926,0.4768755593920962,-26.37862244095692
h8_m7,,,,,,-25.612974910497307,-14.088322289241205,-25.61279032647086,3.9163084124977083,-12.900021663775219
h8_m8,,,,,,-26.995599862628143,-15.597180290380976,-26.99541726420425,1.2261861421154052,-14.284844565212085
h8_m9,,,,,,-26.67628057101095,-16.11799732192699,-26.676110599368563,0.2531482257270347,-14.496810721007998
h9_m10,,,,,,-28.054618724962033,-15.068046077435966,-28.05442299731284,1.0614500786171654,-16.151552873279993
h9_m11,,,,,,-26.476320174301968,-15.09515371666913,-26.476149259534907,-1.2389383725653655,-15.74924242609943
h9_m12,,,,,,-17.500240176434875,-6.661269857442681,-17.50007798086721,-0.0,-7.30622299829242
h9_m2,,,,,,-15.790996221717009,-6.5765901555014645,-15.790856106180714,-2.2366241345583115,-6.2884598812881665
h9_m3,,,,,,-24.211384213263834,-13.84934379524719,-24.211225803276513,-3.644803237138513,-13.549197607261403
h9_m4,,,,,,-34.39872475036495,-19.698834905161497,-34.39850187820776,1.2508526687759791,-20.798571055289894
h9_m5,,,,,,-36.779424032968684,-19.31605174334527,-36.77916076614653,3.4006798711331006,-21.40248329938588
h9_m6,,,,,,-38.540386522568994,-21.244035194733446,-38.540125969024324,4.09454879440274,-23.358973722310264
h9_m7,,,,,,-27.665011506780168,-13.091770197657027,-27.664793406708224,3.7696175420750775,-14.952262482066704
h9_m8,,,,,,-28.10184491190376,-13.763890222921686,-28.10162982671562,2.095829396626871,-15.394342362414008
h9_m9,,,,,,-27.28754479908482,-13.618141307735502,-27.28733932221038,2.2505123765985484,-15.075245829828471
hour_1,15.085234359584716,13.270767960349437,15.077911910323111,-1.2883515091304474,15.053375903307401,101.87943626471905,58.095612607209596,101.87882575585557,-15.252648019665545,70.82063903318438
hour_10,20.39590657958321,24.096095765519973,20.411826075362807,3.427333005824134,20.339821159567887,134.53441068096868,97.36376385477715,134.53383673095473,21.305895686934797,93.43138050548433
hour_11,27.074533827466638,25.400777432512516,27.06757336618124,1.936408134526739,27.00329204891309,136.94028386586712,91.21367040191666,136.93960459256482,0.0,95.60569148706097
hour_12,34.489472453868906,33.35597888507001,34.48511582004902,8.877301966469192,34.416487535536916,118.1629703057884,74.65269491870492,118.16232895134905,3.2993020238082615,77.57070453433064
hour_13,25.66484169385097,25.33578413930405,25.664016071184946,0.14755295775383412,25.591414541414544,92.4892663105474,48.664695306683996,92.4886268485807,-0.8471300440394057,53.080029801800656
hour_14,71.51500925066053,69.80803012969677,71.50866389603163,44.89594050838938,71.44044353065064,125.74261906173669,80.08249797287293,125.74196594085078,21.680012696972007,87.52861346981615
hour_15,32.11247386514792,34.66303728676442,32.124004792210926,11.187693990759056,32.04807499507545,145.39536453523127,104.08481191160477,145.39477200458802,16.799032372899184,107.74516953229954
hour_16,31.476613949908963,30.888367697041026,31.474667460952176,7.3694972069082265,31.410130506492422,128.2886798886524,90.07409517438626,128.28812158944228,0.0,91.21478162336568
hour_17,47.92223783242111,47.1791084114557,47.91980323314278,24.61767438049062,47.85991192633901,196.07395634131376,153.72951963049564,196.07334508925229,24.38638096985996,158.39789106080423
hour_18,28.198715407030384,29.20039035269439,28.203592049121927,8.032537371309628,28.144840863783315,142.65646603042782,109.64351542711479,142.65596428036267,7.746869183208229,105.12411270842018
hour_19,39.214152176545,38.57616978198073,39.21206058261002,18.452652060136277,39.16323533922203,114.28958801154704,75.86409231474106,114.2890097070991,4.673841409776309,76.7688969582983
hour_2,21.710795653994126,21.185040672099714,21.709091832819926,5.132837273934891,21.68089219888031,102.11511852191506,72.3006215059649,102.11469117913364,-1.1180546530639133,72.12102001589795
hour_20,31.858369069811204,32.38101932350944,31.86116890540934,13.873460407940748,31.815821128849514,109.02755300090035,69.37221128732247,109.02696625006605,0.0,72.23714747361292
hour_21,43.265305213690915,43.115979460803665,43.26524844429636,25.89396418815612,43.226994222624526,107.90500907636067,69.20181548866572,107.90444163796664,0.0,72.18107975928065
hour_22,44.5648684484703,45.34974806067931,44.56873390827683,29.70322968053471,44.53347568621648,110.87322301479139,73.34536584794617,110.87267546966218,12.314367531235778,75.92199653272799
hour_23,8.67227126851766,9.886278939050886,8.67762516285936,-1.0611444152539664,8.649274172638563,42.830206264987055,13.459861217572724,42.82977184726655,0.0,14.611867858604471
hour_3,18.6320417938845,18.7237066305838,18.632890728182083,2.6869577799808124,18.601890366629764,98.87589475747981,68.3890371862192,98.8754462449421,-0.7726295000611721,69.02701628694368
hour_4,26.75689631752192,26.419903778559597,26.755873136220433,9.929765491468155,26.72244681123068,134.67443305953333,102.73413495218975,134.67396103515424,0.0,104.22036691672572
hour_5,41.963607251170025,41.889784726561764,41.963689401099856,25.433875319978963,41.92661775952932,188.94642230367793,157.6181006129334,188.9459517006685,26.665996908259302,156.98113053652165
hour_6,43.00721664760266,43.851887188521054,43.011080397528346,27.13774619749639,42.96702970965814,244.43365250640304,213.4710135489445,244.43317376407188,58.91763848786839,209.38689416609043
hour_7,15.364157982729973,16.454376276293807,15.368786467618909,-0.0,15.31839641115044,194.48889403406116,166.48069740259277,194.48843115233575,10.857346841811854,156.6863374626945
hour_8,22.732446181520842,21.347984867210776,22.72661280165613,1.0445842801961662,22.675248520424816,121.55103691834245,86.91709586556789,121.55047628332608,0.0,82.18591643472472
hour_9,83.86669892849429,81.96376714799544,83.85915397871227,61.18179941849221,83.8044853697866,194.38249104008418,148.12146169429138,194.38179512224414,60.95868183967983,153.4284143698708
humidity_lag_1,0.06960803376096196,-0.24740392676353026,0.06821018985274566,3.7535603781110556,0.03734150885520765,2.580102848253338,3.678488317642873,2.5801216677426964,0.0,1.8073555978087013
is_festival,-6.337572708550109,-6.774659896717838,-6.33933564226476,-5.420440389791013,-6.336400040086617,-3.492083080223253,-4.0363477799621315,-3.4920895446372433,-2.469906344909634,-3.5194812841179326
load_lag_1,1790.8829507295213,1679.343678112323,1790.4203116427643,1663.6452381238455,1790.684758914396,1684.5689798238507,1520.2118953951774,1684.567046932509,1407.786531507982,1683.3653910811913
load_lag_168,87.83202326546147,92.91305949062614,87.85309894761728,74.48493175550388,87.81586554685147,27.771015350188748,38.83637816531388,27.771159876763473,30.30963796919732,32.63296967663864
load_lag_2,-828.451464384428,-671.4500792203551,-827.7869475961944,-627.1371044687061,-828.1424770235092,-454.8901451992542,-236.8179169552681,-454.88736588838105,-68.77950093232005,-448.6217361461309
load_lag_24,89.27386396761757,99.33297920661066,89.31197500814115,118.0079615870685,89.31537796630263,28.086290753047592,47.39313300477098,28.08652121245197,115.83712061730995,36.24401299072536
load_lag_3,-9.465077012258737,-79.5350428410132,-9.768291604716543,-89.91320254156055,-9.59177145295361,-99.7121975773378,-173.94295138010446,-99.7132862989908,-306.2389487951536,-103.20187312644569
load_lag_48,68.8776965651342,72.50026493652148,68.89261921538231,55.03858777286793,68.85844938065415,15.686947174193904,25.05530030508048,15.687072638228356,10.036244893610066,20.747813947447934
load_roll_mean_168,-163.18258800093076,-170.68964774956007,-163.21493762791334,-112.84855206411544,-163.11302597191795,-47.08977372009056,-66.36317754641638,-47.09003291944154,-0.0,-56.04004291288996
load_roll_mean_24,280.5285935499905,292.91044413029545,280.58396843204946,230.6349540843803,280.4616609765451,157.92506484381428,161.99716475379427,157.92512632104555,115.8689751937925,150.77579474923078
load_roll_std_24,-6.140379395958746,-6.235425582859929,-6.1409426688098,-0.0,-6.127263365654067,-7.540789299553225,-9.550530530017022,-7.540820916439187,1.2047141356594218,-8.044107892134031
month_10,,,,,,141.8493040818313,77.59047622368884,141.84832232027668,-1.6864166121698911,87.40783954510312
month_11,,,,,,100.76336851420793,47.638389307318654,100.76256478801884,-0.0,52.47539205626351
month_12,,,,,,65.11613901196667,18.98578764130167,65.11544964639607,-0.0,20.345002766733437
month_2,,,,,,50.012048245184744,4.578198352275139,50.01136014572738,-4.720409042684216,6.232021697881523
month_3,,,,,,82.94347001447434,30.17513513165528,82.9426585549197,-0.0,33.22238006806462
month_4,,,,,,170.12025219161316,95.70116251224805,170.1191042042267,0.0,107.08404464536704
month_5,,,,,,195.0827835351791,106.8918944008839,195.08141530666498,-0.0,123.69066907735503
month_6,,,,,,203.5302182300559,119.90825639178404,203.5289321867944,0.0,135.97347210647305
month_7,,,,,,145.52423286531908,79.42096507913243,145.52322042876455,0.0,89.72644438874947
month_8,,,,,,144.1576110748485,77.7384499790024,144.156594882161,-0.0,88.03635983440013
month_9,,,,,,141.80761259404585,76.60219494478774,141.8066116591312,-0.0,86.83373710096461
month_cos,-12.329564308396414,-13.067451635778651,-12.332613361457547,-2.179324480144249,-12.326226664969763,,,,,
month_sin,1.6127453819149253,1.6587745629421136,1.6128735174787752,3.9612168874865272,1.59669543527763,,,,,
temp_lag_1,-9.126338569952456,-7.828812460159612,-9.121567083844274,22.283720187980226,-8.997857137374156,-5.2897719859349195,3.581962241147476,-5.289642354588954,22.99934532008038,-0.8597452191033325
temp_roll_mean_24,-0.45477572079785883,-1.6832364716540873,-0.4596532904578623,-8.801094458992857,-0.5359690590221917,-6.663828784077168,8.295079301648983,-6.663559786561519,-0.0,0.11988319804536406
weather_lag_1_cloudy,-1.7552676384725032,-1.5830091270591937,-1.7546276892526569,0.0,-1.729009764621691,-2.7349285134969534,-1.7687354481129407,-2.7349151726331073,0.0,-1.934535491857802
weather_lag_1_rain,-3.5559758781153232,-3.035356810756122,-3.553909279029694,1.3930986425742553,-3.504356217448439,-4.25475239821148,-2.196303639412633,-4.254723121143453,0.29354159316328016,-2.6572240299193406
weather_lag_1_storm,-4.562592774099364,-4.23519237525499,-4.561335224276971,0.0,-4.519297067998169,-4.597252678035261,-2.8242287590506336,-4.597227044575459,0.0,-3.1595104002807846
