split,model,subset,n,MAE,RMSE,MAPE,R2,Bias,skill_vs_naive1,skill_vs_step,skill_vs_lasso
val,Naive-1 (persistence),all,2381,192.433,253.0839,3.9531,0.9534,1.0198,0.0,-1.0439,-1.4945
val,Naive-1 (persistence),peak,363,257.3604,313.4021,3.7907,0.6493,57.1413,0.0,-1.8222,-1.9277
val,Naive-1 + hourly step,all,2381,94.1516,147.2208,1.9837,0.9842,0.6501,0.5107,0.0,-0.2205
val,Naive-1 + hourly step,peak,363,91.1917,155.7113,1.3351,0.9134,6.0875,0.6457,0.0,-0.0374
test,Naive-1 (persistence),all,4762,204.6846,265.2008,5.0549,0.9586,0.4236,0.0,-1.7544,-2.1532
test,Naive-1 (persistence),peak,588,193.4817,237.0646,2.9539,0.508,46.6939,0.0,-1.9202,-2.0876
test,Naive-1 + hourly step,all,4762,74.3131,104.2844,1.7735,0.9936,2.1582,0.6369,0.0,-0.1448
test,Naive-1 + hourly step,peak,588,66.2564,92.0165,1.0135,0.9259,8.6149,0.6576,0.0,-0.0573
val,Lasso + hour×month,all,2381,77.142,129.126,1.6039,0.9879,3.8482,0.5991,0.1807,0.0
val,Lasso + hour×month,peak,363,87.9062,152.2435,1.2817,0.9172,26.8861,0.6584,0.036,0.0
test,Lasso + hour×month,all,4762,64.913,92.0297,1.5584,0.995,5.0773,0.6829,0.1265,0.0
test,Lasso + hour×month,peak,588,62.6644,85.9449,0.9553,0.9353,24.6432,0.6761,0.0542,0.0
val,Decision Tree,all,2381,74.7579,131.9382,1.5435,0.9873,0.5928,0.6115,0.206,0.0309
val,Decision Tree,peak,363,87.6105,154.5071,1.2832,0.9148,3.2222,0.6596,0.0393,0.0034
test,Decision Tree,all,4762,67.8391,98.5632,1.5863,0.9943,1.8311,0.6686,0.0871,-0.0451
test,Decision Tree,peak,588,72.6207,97.5676,1.1184,0.9167,2.3166,0.6247,-0.0961,-0.1589
test,Decision Tree [level target],all,4762,95.699,132.3109,2.2465,0.9897,1.7035,0.5325,-0.2878,-0.4743
test,Decision Tree [level target],peak,588,111.7713,151.7302,1.6986,0.7985,15.4718,0.4223,-0.687,-0.7837
val,Random Forest,all,2381,58.8265,116.656,1.1992,0.9901,0.4353,0.6943,0.3752,0.2374
val,Random Forest,peak,363,78.0692,145.6347,1.1397,0.9243,5.3687,0.6967,0.1439,0.1119
test,Random Forest,all,4762,51.9082,76.4322,1.2077,0.9966,1.0979,0.7464,0.3015,0.2003
test,Random Forest,peak,588,52.9513,73.8916,0.811,0.9522,4.4339,0.7263,0.2008,0.155
test,Random Forest [level target],all,4762,71.6822,98.2619,1.6531,0.9943,-0.1121,0.6498,0.0354,-0.1043
test,Random Forest [level target],peak,588,85.2581,114.2735,1.3008,0.8857,19.2003,0.5593,-0.2868,-0.3606
val,XGBoost,all,2381,59.1214,116.4665,1.2039,0.9901,0.6179,0.6928,0.3721,0.2336
val,XGBoost,peak,363,76.7446,144.7446,1.1207,0.9252,6.7988,0.7018,0.1584,0.127
test,XGBoost,all,4762,51.7343,76.1653,1.2037,0.9966,1.1245,0.7472,0.3038,0.203
test,XGBoost,peak,588,53.6521,76.1069,0.8209,0.9493,8.0227,0.7227,0.1902,0.1438
test,XGBoost [level target],all,4762,64.6406,89.9276,1.4937,0.9952,2.2806,0.6842,0.1302,0.0042
test,XGBoost [level target],peak,588,70.7424,95.5562,1.0766,0.9201,23.4714,0.6344,-0.0677,-0.1289
