split,model,subset,n,MAE,RMSE,MAPE,R2,Bias,skill_vs_naive1,skill_vs_step
val,Naive-1 (persistence),all,2381,192.433,253.0839,3.9531,0.9534,1.0198,0.0,-1.0439
val,Naive-1 (persistence),peak,363,257.3604,313.4021,3.7907,0.6493,57.1413,0.0,-1.8222
val,Naive-1 + hourly step,all,2381,94.1516,147.2208,1.9837,0.9842,0.6501,0.5107,0.0
val,Naive-1 + hourly step,peak,363,91.1917,155.7113,1.3351,0.9134,6.0875,0.6457,0.0
test,Naive-1 (persistence),all,4762,204.6846,265.2008,5.0549,0.9586,0.4236,0.0,-1.7544
test,Naive-1 (persistence),peak,588,193.4817,237.0646,2.9539,0.508,46.6939,0.0,-1.9202
test,Naive-1 + hourly step,all,4762,74.3131,104.2844,1.7735,0.9936,2.1582,0.6369,0.0
test,Naive-1 + hourly step,peak,588,66.2564,92.0165,1.0135,0.9259,8.6149,0.6576,0.0
val,OLS,all,2381,101.0615,153.3666,2.0523,0.9829,6.8214,0.4748,-0.0734
val,OLS,peak,363,139.5508,208.0639,2.0353,0.8454,65.3649,0.4578,-0.5303
val,Ridge (1-SE α),all,2381,107.6501,161.2132,2.1719,0.9811,8.6551,0.4406,-0.1434
val,Ridge (1-SE α),peak,363,155.5254,222.5219,2.2629,0.8232,85.4289,0.3957,-0.7055
val,Ridge,all,2381,101.1669,153.4446,2.0539,0.9829,6.8714,0.4743,-0.0745
val,Ridge,peak,363,139.8919,208.2724,2.0401,0.8451,65.9021,0.4564,-0.534
val,Lasso (1-SE α),all,2381,108.2354,162.7348,2.1941,0.9807,8.125,0.4375,-0.1496
val,Lasso (1-SE α),peak,363,155.0356,223.7738,2.2554,0.8212,88.9023,0.3976,-0.7001
val,Lasso,all,2381,100.9157,153.2614,2.0495,0.9829,6.8828,0.4756,-0.0718
val,Lasso,peak,363,139.3168,207.7087,2.0317,0.846,65.8194,0.4587,-0.5277
test,OLS,all,4762,92.3623,122.9407,2.1639,0.9911,4.4447,0.5488,-0.2429
test,OLS,peak,588,104.0837,133.3745,1.5868,0.8443,44.7901,0.462,-0.5709
test,Ridge (1-SE α),all,4762,93.4251,124.8308,2.181,0.9908,4.5288,0.5436,-0.2572
test,Ridge (1-SE α),peak,588,106.395,136.7564,1.6215,0.8363,47.9977,0.4501,-0.6058
test,Ridge,all,4762,92.3657,122.9471,2.164,0.9911,4.445,0.5487,-0.2429
test,Ridge,peak,588,104.0918,133.3871,1.5869,0.8442,44.8025,0.462,-0.571
test,Lasso (1-SE α),all,4762,92.518,124.4017,2.1669,0.9909,2.8996,0.548,-0.245
test,Lasso (1-SE α),peak,588,104.8048,136.6475,1.5968,0.8365,51.9562,0.4583,-0.5818
test,Lasso,all,4762,92.3573,122.9374,2.1638,0.9911,4.4409,0.5488,-0.2428
test,Lasso,peak,588,104.0771,133.3717,1.5867,0.8443,44.7963,0.4621,-0.5708
val,OLS + hour×month,all,2381,76.5984,128.6904,1.592,0.988,3.7157,0.6019,0.1864
val,OLS + hour×month,peak,363,87.3321,151.3251,1.274,0.9182,26.4701,0.6607,0.0423
val,Ridge + hour×month (1-SE α),all,2381,82.8087,134.304,1.7127,0.9869,4.8486,0.5697,0.1205
val,Ridge + hour×month (1-SE α),peak,363,95.3468,156.5712,1.3881,0.9125,37.0213,0.6295,-0.0456
val,Ridge + hour×month,all,2381,76.5985,128.6904,1.592,0.988,3.7157,0.6019,0.1864
val,Ridge + hour×month,peak,363,87.3321,151.3251,1.274,0.9182,26.4702,0.6607,0.0423
val,Lasso + hour×month (1-SE α),all,2381,100.5623,152.1325,2.0468,0.9832,8.7861,0.4774,-0.0681
val,Lasso + hour×month (1-SE α),peak,363,134.3309,196.6974,1.9521,0.8619,78.7609,0.478,-0.4731
val,Lasso + hour×month,all,2381,77.142,129.126,1.6039,0.9879,3.8482,0.5991,0.1807
val,Lasso + hour×month,peak,363,87.9062,152.2435,1.2817,0.9172,26.8861,0.6584,0.036
test,OLS + hour×month,all,4762,65.2586,92.8103,1.5714,0.9949,4.9058,0.6812,0.1218
test,OLS + hour×month,peak,588,62.7378,86.0462,0.9565,0.9352,24.6149,0.6757,0.0531
test,Ridge + hour×month (1-SE α),all,4762,65.8954,93.3682,1.5642,0.9949,5.5963,0.6781,0.1133
test,Ridge + hour×month (1-SE α),peak,588,66.1995,89.895,1.0084,0.9293,28.3983,0.6579,0.0009
test,Ridge + hour×month,all,4762,65.2586,92.8103,1.5714,0.9949,4.9058,0.6812,0.1218
test,Ridge + hour×month,peak,588,62.7378,86.0462,0.9565,0.9352,24.615,0.6757,0.0531
test,Lasso + hour×month (1-SE α),all,4762,79.298,109.1505,1.862,0.993,1.181,0.6126,-0.0671
test,Lasso + hour×month (1-SE α),peak,588,90.9862,117.2713,1.3865,0.8796,48.2519,0.5297,-0.3732
test,Lasso + hour×month,all,4762,64.913,92.0297,1.5584,0.995,5.0773,0.6829,0.1265
test,Lasso + hour×month,peak,588,62.6644,85.9449,0.9553,0.9353,24.6432,0.6761,0.0542
