min_samples_leaf,max_depth,train_mae,cv_mae
1,2,137.06157748814766,149.58859935734006
1,3,123.05233202935719,143.24785527081508
1,4,110.50585159786272,131.09419240967523
1,5,97.43576344877802,122.36092453374302
1,6,84.56376563926543,112.12408574299192
1,7,73.46410283201321,106.44608635438574
1,8,63.12449900048549,104.39749478718632
1,9,54.6366489151319,99.7374021560736
1,10,45.98886047579215,96.93282611390141
1,11,38.6955915092653,100.15454991789322
1,12,31.800038125655675,96.63948442779574
1,13,25.709312785512843,100.97104382354199
1,14,20.354529339284095,99.96375355316698
1,15,15.74466875811483,99.88385643137772
1,16,11.817202471996026,97.54630979366985
1,17,8.843397351475147,99.52920830648824
1,18,6.4157650770344175,101.63675459777312
1,19,4.567750208189423,98.72944334401845
1,20,3.217454562869277,100.57416482172606
1,21,2.267577768234132,101.46811384333375
1,22,1.548016617348878,100.23428360978289
1,23,1.0415826102034087,102.82497504732308
1,24,0.6986282788631591,100.9748007592526
1,25,0.4433245887862249,102.49444422858843
10,2,137.06157748814766,149.58859935734006
10,3,123.05233202935719,143.24785527081508
10,4,110.55482631938398,132.9910770878068
10,5,97.44341280300819,119.36853472523453
10,6,84.83573622955439,111.1730135771713
10,7,74.82752619587863,101.6072074464353
10,8,66.1907347260904,96.13760764955855
10,9,60.35399747586138,94.14816772849227
10,10,54.9378942077921,92.10070303707772
10,11,51.47801519516569,90.92956142039824
10,12,48.8209044705644,89.96025634759967
10,13,47.07158962093574,89.30028163355483
10,14,45.8617639006466,89.22794470420459
10,15,44.9483172213498,88.49637844149552
10,16,44.27773894518734,88.0294656803317
10,17,43.985611504577825,87.82373549672009
10,18,43.74042011395811,87.90228350102143
10,19,43.56456335297892,87.91939626893524
10,20,43.47457721660082,87.90239755793229
10,21,43.43143329528003,87.88444828291706
10,22,43.40801609966185,87.8915882118026
10,23,43.3989099532599,87.90312105202477
10,24,43.39746443813746,87.89806886682024
10,25,43.39746443813746,87.89806886682024
