figure,question,finding,modelling_decision
F01,How does load evolve and where do the splits fall?,"Annual cycle dominates (monthly mean 3,023–6,464 MW). Full fiscal-year means: FY23-24 4,124 MW, FY24-25 4,470 MW. Val (Mar–Jun 2025) sits in the hot season, which is why its mean is higher than Train's.","Correction to the Phase 1 note: the Train/Val gap is seasonal, not a growth trend. Month/seasonal features are needed; trees should cope because Train contains two summers."
F02,What does a typical day look like?,"Peak at 15:00, trough at 4:00, peak/trough ratio 1.42. Weekend 5.5% below working days; festival days below both.","Hour-of-day must be encoded richly: one-hot + sin/cos for linear/MLP, raw hour for trees. Keep is_weekend."
F03,Does the daily shape change with season?,"Yes, strongly. Peak hour by month: Jan 10:00, Feb 10:00, Mar 10:00, Apr 15:00, May 15:00, Jun 23:00, Jul 22:00, Aug 23:00, Sep 23:00, Oct 18:00, Nov 10:00, Dec 10:00. Winter = morning peak, Jun–Sep = late-night peak. Fig 2's pooled profile hides this.","Hour×month interaction: an additive linear model can't capture it, but trees and the MLP can. Expect a clear gap between linear and non-linear models."
F04,Is there a growth trend the models must extrapolate?,"2024 vs 2023: +11.2% (Apr–Dec); 2025 vs 2024: -0.7%. A level shift in 2024, then a plateau.","No de-trending step: Train already contains the higher 2024 level, and the lags and rolling means carry the recent level into each forecast. Test (H2 2025) sits on the plateau."
F05,Does weather drive load beyond the calendar?,"Raw r: temperature +0.46, humidity +0.48. After calendar adjustment: +0.000 and -0.002, i.e. no independent effect.","Keep the weather features (the ablation will test them), but expect ≈0 gain. Consistent with v1, where adding weather did not improve MAE. Report it as a data limitation."
F06,Is the weather label informative?,Hour-to-hour persistence 37.0% vs 33.6% expected if independent; adjusted effect between -10.4 and +1.8 MW.,Only seasonal information (more rain in Jun–Sep). Lagged one-hot kept for completeness; Lasso should zero it out.
F07,Do festivals and weekends change load?,"Festival -101 MW (-2.3%), weekend -172 MW, working day +82 MW (hour×month adjusted, train).","Keep is_festival and is_weekend: small but real effects. Festivals are rare (≈7% of hours), so expect a small overall gain that is larger on festival hours."
F08,Which past hours carry information?,"ACF lag1 0.979, lag24 0.965, lag144 0.898, lag168 0.899, lag192 0.881. Daily cycle strong; weekly cycle weak (168 h barely above 144 h).","Justifies lags 1–3, 24 and 48. Lag 168 is kept but expected to add little; Lasso will tell. Lag 1 alone should give a strong naive baseline (Phase 3), and naive-24 should beat naive-168."
F09,Which features relate linearly to the target?,"Top: load_lag_1 (+0.98), load_lag_24 (+0.97), load_lag_48 (+0.94), load_lag_2 (+0.93). Lowest: month, dow_cos, weather_lag_1_cloudy.","Strong collinearity among load lags (lag1, lag2, lag3, roll_mean_24): plain OLS coefficients will be unstable. This motivates Ridge (L2) and Lasso (L1) in Phase 4."
F10,How complete is the data?,455 missing hours (1.9%) in 241 gaps; longest 49 h starting 31 Dec 2023.,"Phase 1 policy holds: forward-fill ≤3 h, seasonal fill for long gaps (history only), imputed hours never scored."
F11,Are there outliers to remove?,"11 hours beyond ±3σ (μ=4,313, σ=1,340); all above +3σ, on 18–19 Jun 2024 and 12–13 Jun 2025 (heatwave days).","Second mode near 1,900 MW = winter night hours (a distinct low regime, not an error). Do NOT delete outliers. (1) Deleting rows breaks the hourly grid that the lags rely on. (2) Peaks are exactly what a utility needs forecast well. Peak accuracy is analysed separately in Phase 7."
