,Decision Tree,Random Forest,XGBoost
dayofyear,0.0093509268184828,0.0149088255038524,0.013083640647965748
dow,0.0027639447795416,0.0043284119388356,0.008092157631306406
dow_cos,0.0007591749023365,0.0014408825916616,0.0042238242045449775
dow_sin,0.0018627239415868,0.0033628034621689,0.006985381637374635
hour,0.0936433616482393,0.1249223476552782,0.0948294666832073
hour_cos,0.0359580319448801,0.0996289249029801,0.10661784789958166
hour_sin,0.1220743155461263,0.09540730145597,0.10281388692803418
humidity_lag_1,0.0014331645356034,0.0046221997000222,0.003132249221324708
is_festival,1.5664371733668717e-05,0.0005342891919404,0.009304059318394023
is_weekend,0.0004358206001999,0.0017578962974055,0.012455289223862718
load_lag_1,0.018615771877225,0.0323072122297406,0.02740651912861186
load_lag_168,0.0029526550367985,0.0154296760094326,0.01628770654272387
load_lag_2,0.0195115496824789,0.0554504269442146,0.06339656494761814
load_lag_24,0.0080853356199211,0.0228735993139019,0.023867204374525875
load_lag_3,0.1123467605117108,0.105919902618388,0.11138360278611178
load_lag_48,0.0086613712533655,0.015794592384587,0.02278859633065075
load_ramp_1,0.4741065254722224,0.2853781672386187,0.1860820797661697
load_roll_mean_168,0.0055259612717731,0.0186001674260396,0.019402798717649657
load_roll_mean_24,0.0233106599174569,0.0244894571528829,0.02892770701417567
load_roll_std_24,0.0171807729052028,0.0230482991408709,0.020396082619755496
month,0.0001525405853668,0.0047330352343501,0.01998446777856641
month_cos,0.0060221970434101,0.0052394889504319,0.0292284437594354
month_sin,0.000267927599406,0.0022729635938121,0.009965423881600492
temp_lag_1,0.0083261541737406,0.0163938261131122,0.019154839246070136
temp_roll_mean_24,0.0265336348809114,0.0195775301271267,0.029973742861659703
weather_lag_1_cloudy,0.0001030530802787,0.0005470498051046,0.002220198220658721
weather_lag_1_rain,0.0,0.0004631279981185,0.002513997457650099
weather_lag_1_storm,0.0,0.0005675950191511,0.005482221170769892
