model,seed,best_epoch,params,final_lr,fit_seconds,val_MAE,test_MAE
"MLP v1 [64,32]",42,99,5377.0,0.000125,13.7,70.92792288314389,58.578628604381045
"MLP v1 [64,32]",7,98,5377.0,6.25e-05,12.7,70.64630865527221,61.8501441403789
"MLP v1 [64,32]",2026,73,5377.0,0.00025,9.6,72.4384648650777,66.65602497022324
"MLP v2 [256,128,64]",42,99,54401.0,3.125e-05,32.2,71.64746783619015,60.1175943689134
"MLP v2 [256,128,64]",7,78,54401.0,0.000125,27.0,71.44303292996639,69.37324332976232
"MLP v2 [256,128,64]",2026,94,54401.0,1.5625e-05,29.8,72.24329387025541,62.14120283912682
"MLP v3 [256,128,64] lr1e-4",42,199,54401.0,6.25e-06,44.8,93.90875364621614,84.01441431884253
"MLP v3 [256,128,64] lr1e-4",7,220,54401.0,1e-06,46.8,100.0400413060098,101.15774661381772
"MLP v3 [256,128,64] lr1e-4",2026,185,54401.0,3.125e-06,41.7,97.53678729804308,88.25745680730915
"MLP v4 [64,32] Δ-target",42,30,5377.0,0.0005,5.3,61.9262579137187,53.57474506874987
"MLP v4 [64,32] Δ-target",7,45,5377.0,0.0005,6.9,61.641102712682354,52.85245272844266
"MLP v4 [64,32] Δ-target",2026,46,5377.0,0.00025,6.8,61.15391585218812,53.33759071012071
"MLP v3b [256,128,64] lr1e-4 patient",42,310,,6.25e-06,,83.46452200936449,69.96611905203302
"MLP v3b [256,128,64] lr1e-4 patient",7,400,,1.25e-05,,75.34726048584496,63.343508109037046
"MLP v3b [256,128,64] lr1e-4 patient",2026,382,,1.25e-05,,77.94889145185846,61.79674624017285
