param_target,param_regressor__min_samples_leaf,param_regressor__max_features,param_regressor__max_depth,rank_test_score,mean_fit_time,cv_mae,cv_mae_std,train_mae
delta,1,0.33,18,1,3.7548598766326906,73.96225988069516,20.291540023373965,19.3122571737442
delta,3,0.33,12,2,2.7602138996124266,75.07218262584512,18.477574216162054,35.680578883115814
delta,1,1.0,,3,11.552093362808227,76.10569667296787,20.99381340754503,17.999821247316113
delta,10,0.33,12,4,2.5427582263946533,77.56272975551155,19.097122389862918,44.69078741551065
delta,10,1.0,12,5,7.485363531112671,78.08868873697097,16.524592016517985,44.19649512816447
delta,1,1.0,12,6,8.270899295806885,78.57105151414437,18.437057157750996,32.31667748378747
level,1,1.0,,7,10.613498783111572,104.33318077504728,27.82174182419895,26.510821834461176
level,3,1.0,18,8,8.327659273147583,105.61491931731068,28.83963685080211,35.78504648525008
level,1,1.0,12,9,8.250920724868774,105.7553665988241,26.840592845919574,37.213328492868285
level,3,0.6,18,10,4.858126974105835,108.10742706086512,30.965609276976224,37.509485576578996
level,3,0.6,,11,4.998063325881958,108.42895754896145,31.233546115037573,37.467100990756144
level,1,0.6,12,12,4.732110404968262,108.50658594441566,29.411630449566523,38.55046876517875
level,3,0.6,12,13,4.67859001159668,109.5805343763848,30.56724517214162,43.76805623134057
level,10,1.0,,14,7.134973049163818,115.03253154164949,31.70211385470944,61.358266002385584
