,month_sin,month_cos,hour_1,hour_2,hour_3,hour_4,hour_5,hour_6,hour_7,hour_8,hour_9,hour_10,hour_11,hour_12,hour_13,hour_14,hour_15,hour_16,hour_17,hour_18,hour_19,hour_20,hour_21,hour_22,hour_23,dow_1,dow_2,dow_3,dow_4,dow_5,dow_6,is_festival,load_lag_1,load_lag_2,load_lag_3,load_lag_24,load_lag_48,load_lag_168,load_roll_mean_24,load_roll_std_24,load_roll_mean_168,temp_lag_1,humidity_lag_1,temp_roll_mean_24,weather_lag_1_cloudy,weather_lag_1_rain,weather_lag_1_storm
1307.2529146171103,0.0,0.0,0.0,0.0,0.0,0.0,0.0,0.0,0.0,0.0,0.0,0.0,0.0,0.0,0.0,0.0,0.0,0.0,0.0,0.0,0.0,0.0,0.0,0.0,0.0,0.0,0.0,0.0,0.0,0.0,0.0,0.0,0.0,0.0,0.0,0.0,0.0,0.0,0.0,0.0,0.0,0.0,0.0,0.0,0.0,0.0,0.0
1034.3432950112508,0.0,0.0,0.0,0.0,0.0,0.0,0.0,0.0,0.0,0.0,0.0,0.0,0.0,0.0,0.0,0.0,0.0,0.0,0.0,0.0,0.0,0.0,0.0,0.0,0.0,0.0,0.0,0.0,0.0,0.0,0.0,0.0,272.9096196058598,0.0,0.0,0.0,0.0,0.0,0.0,0.0,0.0,0.0,0.0,0.0,0.0,0.0,0.0
818.4078535775095,0.0,0.0,0.0,0.0,0.0,0.0,0.0,0.0,0.0,0.0,0.0,0.0,0.0,0.0,0.0,0.0,0.0,0.0,0.0,0.0,0.0,0.0,0.0,0.0,0.0,0.0,0.0,0.0,0.0,0.0,0.0,0.0,449.95019854662354,0.0,0.0,41.21372582000688,0.0,0.0,0.0,0.0,0.0,0.0,0.0,0.0,0.0,0.0,0.0
647.5523339570351,0.0,0.0,0.0,0.0,0.0,0.0,0.0,0.0,0.0,0.0,0.0,0.0,0.0,0.0,0.0,0.0,0.0,0.0,0.0,0.0,0.0,0.0,0.0,0.0,0.0,0.0,0.0,0.0,0.0,0.0,0.0,0.0,537.8817166465523,0.0,0.0,129.00025497193403,0.0,0.0,0.0,0.0,0.0,0.0,0.0,0.0,0.0,0.0,0.0
512.3655929989072,0.0,0.0,0.0,0.0,0.0,0.0,0.0,0.0,0.0,0.0,0.0,0.0,0.0,0.0,0.0,0.0,0.0,0.0,0.0,0.0,0.0,0.0,0.0,0.0,0.0,0.0,0.0,0.0,0.0,0.0,0.0,0.0,607.4484506902379,0.0,0.0,198.4672347787123,0.0,0.0,0.0,0.0,0.0,0.0,0.0,0.0,0.0,0.0,0.0
405.40121179848944,0.0,0.0,0.0,0.0,0.0,0.0,0.0,0.0,0.0,0.0,0.0,0.0,0.0,0.0,0.0,0.0,0.0,0.0,0.0,0.0,0.0,0.0,0.0,0.0,0.0,0.0,0.0,0.0,0.0,0.0,0.0,0.0,662.4493907642889,0.0,0.0,253.4721745240169,0.0,0.0,0.0,0.0,0.0,0.0,0.0,0.0,0.0,0.0,0.0
320.76732858998605,0.0,0.0,0.0,0.0,0.0,0.0,0.0,0.0,0.0,0.0,0.0,0.0,0.0,0.0,0.0,0.0,0.0,0.0,0.0,0.0,0.0,0.0,0.0,0.0,0.0,0.0,0.0,0.0,0.0,0.0,0.0,0.0,706.0266947229492,0.0,0.0,296.9385363999178,0.0,0.0,0.0,0.0,0.0,0.0,0.0,0.0,0.0,0.0,0.0
253.80210047793312,0.0,0.0,0.0,0.0,0.0,0.0,0.0,0.0,0.0,0.0,0.0,0.0,0.0,0.0,0.0,0.0,0.0,0.0,0.0,0.0,0.0,0.0,0.0,0.0,0.0,0.0,0.0,0.0,0.0,0.0,0.0,0.0,740.4601593361468,0.0,0.0,331.37443708125164,0.0,0.0,0.0,0.0,0.0,0.0,0.0,0.0,0.0,0.0,0.0
200.8169176398531,0.0,-0.0,0.0,0.0,0.0,0.0,0.0,0.0,0.0,0.0,0.0,0.0,0.0,0.0,0.0,0.0,0.0,0.0,0.0,0.0,0.0,0.0,0.0,0.0,0.0,0.0,0.0,0.0,0.0,0.0,0.0,0.0,765.8387626424895,0.0,0.0,355.9106775227643,0.0,5.031854326128491,0.0,0.0,0.0,0.0,0.0,0.0,0.0,0.0,0.0
158.8932256054273,0.0,-0.0,0.0,0.0,0.0,0.0,0.0,0.0,0.0,0.0,0.0,0.0,0.0,0.0,0.0,0.0,0.0,0.0,0.0,0.0,0.0,0.0,0.0,0.0,0.0,0.0,0.0,0.0,0.0,0.0,0.0,0.0,780.4273001358849,0.0,0.0,366.75475629260603,0.0,24.4308114206486,0.0,0.0,0.0,0.0,0.0,0.0,0.0,0.0,0.0
125.72176408252359,0.0,-0.0,0.0,0.0,0.0,0.0,0.0,0.0,0.0,0.0,0.0,0.0,0.0,0.0,0.0,0.0,0.0,0.0,0.0,0.0,0.0,0.0,0.0,0.0,0.0,0.0,0.0,0.0,0.0,0.0,0.0,0.0,792.4747262980761,0.0,0.0,374.7469879691023,0.0,39.86182994048817,0.0,0.0,0.0,0.0,0.0,0.0,0.0,0.0,0.0
99.47536720836662,0.0,-0.0,0.0,0.0,0.0,0.0,0.0,0.0,0.0,0.0,0.0,0.0,0.0,0.0,0.0,0.0,0.0,0.0,0.0,0.0,0.0,0.0,0.0,0.0,0.0,0.0,0.0,0.0,0.0,0.0,0.0,0.0,802.0659233502203,0.0,0.0,381.02950720013837,0.0,52.056447516566465,0.0,0.0,0.0,0.0,0.0,0.0,0.0,0.0,0.0
78.70831875015763,0.0,-0.0,-0.0,-0.0,-0.0,0.0,0.0,0.0,0.0,0.0,0.0,0.0,0.0,0.0,0.0,0.0,0.0,0.0,0.0,0.0,0.0,0.0,0.0,0.0,0.0,0.0,0.0,0.0,0.0,0.0,0.0,0.0,809.7146164540608,0.0,0.0,386.01559979310855,0.0,61.63910150804211,0.0,0.0,0.0,0.0,0.0,0.0,0.0,0.0,0.0
62.2767184915239,0.0,-0.0,-0.0,-0.0,-0.0,-0.0,0.0,0.0,0.0,0.0,0.0,0.0,0.0,0.0,0.0,0.0,0.0,0.0,0.0,0.0,0.0,0.0,0.0,0.0,0.0,0.0,0.0,0.0,0.0,-0.0,-0.0,0.0,815.6692747757277,0.0,0.0,389.2857425782542,0.0,69.09038914722632,0.0,0.0,0.0,1.746865211287872,0.0,0.0,0.0,0.0,0.0
49.275473389078655,-0.0,-0.0,-0.0,-0.0,-0.0,-0.0,0.0,0.0,0.0,0.0,4.871263209679455,0.0,0.0,0.0,-0.0,0.0,0.0,-0.0,0.0,-0.0,-0.0,-0.0,0.0,0.0,-0.0,0.0,0.0,-0.0,0.0,-0.0,-0.0,-0.0,823.5594311155804,0.0,0.0,386.48045315534813,0.0,73.7302840043766,0.0,-0.0,0.0,9.820727501363097,0.0,0.0,0.0,0.0,0.0
38.9884428166887,-0.0,-0.0,-0.0,-0.0,-0.0,-0.0,0.0,0.0,0.0,0.0,15.151837796902221,0.0,0.0,0.0,-0.0,0.0,0.0,-0.0,0.0,-0.0,-0.0,-0.0,0.0,0.0,-0.0,0.0,0.0,-0.0,0.0,-0.0,-0.0,-0.0,834.433506706366,0.0,-0.0,381.01552286649076,0.0,76.3796902727581,0.0,0.0,0.0,15.549802282988354,0.0,0.0,0.0,0.0,0.0
30.848991774620224,0.0,-0.0,-3.8593399099199215,-0.0,-0.0,-0.0,0.0,0.7260394518130473,0.0,0.0,23.33033995892459,0.0,0.0,0.0,-0.0,0.0,0.0,-0.0,-0.0,-0.0,-0.0,-0.0,0.0,0.0,-0.0,0.0,0.0,-0.0,0.0,-0.0,-0.0,-0.0,844.8152004024038,0.0,-0.0,375.54662674554413,0.0,78.1143786446456,0.0,0.0,0.0,19.29402587947095,0.0,0.0,0.0,0.0,0.0
24.408779237093185,0.0,-0.0,-9.676120031936609,-3.911225318127254,-0.0,-0.0,0.0,8.481852314225131,0.0,0.0,30.733716175309812,5.57451318268346,0.0,0.0,-0.0,0.0,0.0,-0.0,-0.0,-0.0,-0.0,-0.0,0.0,0.0,-0.0,0.0,0.0,-0.0,0.0,-0.0,-0.0,-0.0,860.7001570491675,-0.0,-0.0,365.29069906572386,0.689912480874744,77.98353808709845,0.0,0.0,0.0,20.316088022131016,0.0,0.0,0.0,0.0,0.0
19.313062423495882,0.0,-0.0,-14.547592329379103,-8.53105906775151,-3.035330069532429,-0.0,0.0,14.364459290974692,1.0912641141964607,0.0,36.45362120118094,10.81278828321701,0.0,0.0,-0.0,0.0,0.0,-0.0,-0.0,-0.0,-0.0,-0.0,0.0,0.0,-0.0,0.0,0.0,-0.0,0.0,-4.813553812685286,-1.4200593685315388,-0.0,871.8729420581438,-0.0,-0.0,358.78979124453684,3.006075984118055,75.6784472074356,0.0,0.0,0.0,20.186853066448414,0.0,0.0,0.0,0.0,0.0
15.281156691647311,0.0,-0.0,-17.15221405070304,-9.610388826861469,-4.6922062728334835,-0.0,1.6086461404023233,17.217891692647704,1.329085141756886,0.0,39.69904875124886,11.850520672187967,0.0,0.0,-0.0,1.7317372054456392,0.0,-0.0,0.0,-0.0,-0.0,-0.0,0.0,0.0,-0.0,0.0,-0.0,-0.0,0.0,-8.448011114860071,-5.368375812276007,-0.0,945.3329625046892,-0.0,-60.06060921295457,329.72134257276923,7.776648882156752,69.47182456232119,18.000092150332748,0.0,0.0,18.9521194194671,0.0,0.0,0.0,0.0,0.0
12.09097473586527,0.0,-0.0,-18.411524015565565,-9.245830464747609,-5.170460701901365,-0.0,5.2683722566193865,18.991803505109157,0.1297435589356457,0.0,42.279820322371876,12.045388845766885,0.0,-0.0,-0.9200886825156196,8.56093182107828,0.0,-0.0,0.0,-0.0,-0.0,-0.0,0.0,3.936676514928699,-0.0,0.0,-0.0,-0.0,-0.0,-10.842356718870809,-7.97843498502478,-0.0,1029.4428858731537,-0.0,-131.4502267371223,295.4730911157733,10.40704555288121,63.30618877614809,42.89858962995456,0.0,0.0,17.84035047967093,0.0,0.0,0.0,0.0,0.0
9.566793470761317,0.0,-0.0,-19.229670604390357,-8.769869909992439,-5.343303499649007,-0.0,8.383356214039404,20.602660262867552,0.0,0.0,44.42407058762894,12.260544501306539,-0.0,-0.0,-2.5609669953346645,13.932667333942524,0.0,-0.0,0.0,-0.0,0.0,-0.0,0.0,8.368626868458943,-0.0,0.0,-0.0,-0.0,-0.0,-12.714209573359124,-10.03305846802343,-0.0,1096.191541537178,-0.0,-187.424984629767,268.47110835875765,12.416815223018718,58.37030846289948,61.80538732860971,0.0,0.0,17.47095619668677,0.0,0.0,0.0,0.0,0.0
7.569574770569698,0.0,-0.0,-19.214612724103326,-7.707286619124649,-4.887358219011492,-0.0,11.305830657529683,22.275201932874054,0.0,-0.0,46.690606790986685,12.95467291713808,-0.0,-0.0,-3.0913891313059607,19.089678921403596,2.946761354592772,-0.0,1.9098810434974023,-0.0,0.0,0.0,4.19535445678073,12.649982445847355,-0.0,0.0,-0.0,-0.23198174850038528,-0.0,-14.19946794869547,-11.638477039460803,-0.657281200558777,1152.4617570211797,-0.0,-235.4439848843267,244.8825976112409,13.911703742733806,54.18400751223117,79.22430746839727,0.0,0.0,17.14023923894909,0.0,-0.0,0.0,0.0,0.0
5.989306906474442,0.0,-0.0,-18.936041303689834,-6.601304653511867,-4.317212515178231,-0.0,13.754378034084446,23.720338277493347,0.0,-0.0,48.77130309568757,13.817047957811953,-0.0,0.0,-3.005247897169638,23.72599356934969,6.9548052569721825,-0.0,6.031050268859848,0.0,0.0,0.0,8.09171808175513,16.375760467508538,-0.0,0.0,-0.0,-2.2254322586343043,-0.0,-15.781955042813674,-13.301018860690014,-1.8066167742985721,1197.9946977457553,-0.0,-275.4051963661623,225.3854051820355,15.479268463189687,50.46954171147275,94.73577087395871,0.0,-0.0,16.37067479722742,0.0,-0.0,0.0,0.0,0.0
4.738944829425688,0.27583774065217737,-0.0,-18.159457000949462,-5.151361329484955,-3.364551886090419,0.0,16.05639347389374,25.158470178340192,0.0,-0.0,50.78856107539323,14.835983834304868,-0.0,0.0,-2.4034765645883334,28.01962396715384,10.726246547116478,-0.0,9.906161267598113,0.0,2.84807961180431,2.052907259844506,11.778582607292112,19.91790254524698,-0.0,0.0,-0.0,-3.7854930401912417,-0.0,-17.00509666502759,-14.579253993725038,-2.7133618520806753,1236.228741566917,-0.0,-309.87188789133666,208.6344142950788,16.59721702413265,47.58374334197433,108.82479912688534,0.0,-0.0,15.936914348663146,0.0,-0.0,0.0,0.0,0.0
3.749615514286603,1.4271650091918373,-0.0,-16.18154182986632,-3.453988817349993,-2.4183194880973287,0.0,17.878954226995397,25.778126994433983,0.0,-0.26236749502438256,53.016543559927946,13.8132419690028,-0.0,0.0,-1.5992527392746443,32.10081180432465,12.43890357060346,0.0,13.385068870593981,1.7315638980405714,6.230785733439491,4.9285771338146604,14.903916989950213,22.436757297349207,-0.4402657763722305,0.0,-2.198668003376725,-5.915991944736877,-1.7092655339275484,-18.770756911108336,-16.42538627842766,-3.5003927194161433,1311.2177900583795,-78.70972292902967,-298.7355581915358,194.17090715023105,17.905745917425353,44.80535276000631,117.66952878253807,0.0,-0.0,15.612387565488827,0.0,-0.0,0.0,0.0,0.0
2.9668242638483475,2.254874897327404,-0.0,-13.343718726641951,-1.7968548044535257,-1.706157804640617,0.5841410850099417,19.23032448514392,25.652831265680263,0.0,-0.0,55.487725319769524,10.813222713877417,-0.0,1.7589678203842187,-0.8462152206571266,35.83069893018461,12.001578101119925,0.0,16.30542549723626,3.052709082804941,9.133985018931472,6.778917199230764,17.311828516623404,23.80714979609389,-1.410075929131873,-0.0,-4.108149878950871,-7.664636409636601,-3.682606665666799,-20.06073096033532,-17.843743739485497,-4.0583402060069895,1422.704741103586,-233.09322041518706,-242.7688587274945,181.22837585553538,19.13588852366521,42.041799468837525,120.07504590212571,0.0,-0.0,15.234148328492775,0.0,-0.0,0.0,0.0,0.0
2.3474530065875157,2.4149747200832192,-0.0,-10.048345715606482,-0.0,-0.047603960074436964,3.2429540024801127,21.02015793749413,26.087251115767746,0.0,-0.0,57.418174108083775,8.84592182567698,-0.0,4.1651119956558285,-0.0,38.9827696339112,12.169918608584195,2.2877750717279666,19.046827640392436,4.728356819683717,12.002460090093797,8.931291452526542,19.82944151418248,25.481507160975976,-1.5147229418743215,-0.0,-6.916893308184707,-10.296774807935055,-6.688333913241419,-21.670325796965848,-18.48095631691482,-4.430250104939775,1497.3334487637335,-348.4950320914087,-200.59361595447524,160.26019872649334,31.23742382791988,50.214553004187906,149.8719474291373,0.0,-29.21936441990764,15.412624540880003,0.0,-0.6328358820085566,0.0,0.01871667218329494,0.0
1.8573852470078234,2.6204735959024146,-0.0,-7.862435519578916,0.0,-0.0,4.805876531133776,21.87065957636062,25.904176995001166,-0.0,-0.0,58.32215538715033,6.7955018355717,0.0,5.5207008124595385,-0.0,40.695448339697904,11.594603030291365,3.6988778315103885,20.552541657635885,5.44265062806788,13.687314744010791,10.055037628409318,21.27604437357432,26.277653719280035,-1.9174362894322592,-3.287562376851978,-11.085660761687926,-14.24284852336347,-10.919150755031618,-24.733820188060943,-20.374748110427618,-4.790903239971464,1551.2847716748956,-440.6446068788789,-163.40836972110694,145.62348856881937,39.57681277654508,58.793187048731106,178.31368244915245,0.0,-57.531387465428686,16.27989699574642,0.0,-2.2209580634642245,0.0,0.7943441818187355,0.0
1.469626844976716,3.3564486118089336,-0.047144500821447506,-5.980098974905474,0.32374087029343485,0.0,6.141076531846559,22.62036672617748,25.796551655040343,-0.0,-0.0,59.01794236138204,5.0796751398555795,0.0,6.524590525422899,-0.0,41.985192921528984,11.042791125175658,4.767780616557477,21.726417009245285,5.992402671583482,15.059048567925878,10.99856831763448,22.500721956121733,27.00376367973697,-2.1397253985407603,-6.077216096147651,-14.453389407096825,-17.43686189297534,-14.336063055052996,-27.243311319571163,-21.96618826919017,-5.073465248205856,1595.0481952300522,-515.3184136164894,-133.14252260104539,134.21865656341814,45.99306895692149,65.41822840333782,200.48850927964926,0.0,-80.20329808146998,17.796027353425945,1.3709684533503055,-3.8417229296894804,0.0,1.000507871707568,0.0
1.1628191119508322,3.58194893030899,-1.3871976475369168,-3.856533996927118,2.4880615979513734,0.3649348559838517,7.733896381336895,23.68521197195448,26.077030342370055,-0.15750934356647525,0.0,59.859946514972805,3.833100353886189,0.6381636806275788,7.547818776380041,-0.0,43.30574740899945,10.816257645826925,5.905188149108806,23.00390711299646,6.774613619374609,16.571904816948383,12.19590114787048,23.967664685395487,28.072834365563512,-1.913020699763167,-8.244744263124206,-17.053398903459325,-19.91231938916068,-16.9781211573378,-29.18041244232291,-23.204807018995762,-5.270975761459203,1632.9263264830697,-577.8805508150632,-108.7546448000558,125.06867694997865,51.00293597776054,70.46001758114717,217.65535755596048,-0.0,-98.37541945226234,19.874413739197745,2.5510866060558643,-6.417511446866643,0.0,1.1994005099045977,0.0
0.9200623217654588,3.958116682419554,-2.1771396831490764,-1.2696325258163432,5.135292194623139,2.6834815805109486,9.93092721850331,25.431648828471012,27.127567936805857,-0.0,1.0636788518558964,61.198396722209154,3.3922769865171647,1.959898712546287,8.89162697120852,0.15267531425735303,44.909461010310494,11.160057381121666,7.376750012966461,24.6232810180319,8.021180867917238,18.45752604205477,13.866151869745602,25.892658557416357,29.69201437304047,-1.0725207902620062,-9.93585447448934,-19.084732993351274,-21.84680713964077,-19.046588306976375,-30.666129384714512,-24.143470999513905,-5.4175595231234395,1664.610078399915,-628.7431968085144,-89.10631477894113,117.92769332227543,55.04305166515113,74.47741075627661,230.56763641697475,-0.0,-112.8462421097459,22.266046747654233,3.7484139647793433,-8.790753850217794,0.0,1.3909072882350255,0.0
0.7279848320623742,2.986523486467182,-4.460341428597094,-0.0,7.053741329023861,4.37910725569528,11.651893529638713,26.945770647186706,28.327259756203034,0.0,3.151836894206945,63.393738999195065,4.346024377692536,4.498532667379314,11.54386823611645,2.7912275480348305,47.803391806953215,12.951303072903313,9.91110007242215,27.121257377117857,10.019472690303997,20.719537140440504,15.721795080147162,27.743476617329485,31.143648954818964,-0.3846117037649395,-11.252975862144583,-20.65692748332597,-23.32440130173786,-20.637465418305958,-31.818834180083787,-24.882716524234276,-5.549662512632094,1690.3540043466644,-669.8521529135327,-73.66230173148239,111.77061482407092,57.98499726795974,77.42117552710658,241.48898024473803,-0.2315672676000652,-123.69972525097003,19.161204745558233,2.802904294247137,-8.624167151842851,0.0,1.3072366894740115,0.0
0.5760065412699081,2.144347546189893,-6.537263115784896,1.3146060062486657,8.872615976989746,6.0880436795096395,13.474771694607318,28.688298228218144,29.92894896241536,1.4455884602254865,5.6455814912987625,65.9966267299536,6.019731403102796,7.484196344998731,14.591486147496504,5.8176230821843875,50.99747134078251,15.241626901763794,12.750755397931789,29.847445152588023,12.276638031080607,23.09644072280945,17.689154975847284,29.633506771707374,32.65944936753226,-0.0,-12.249241823105766,-21.844454300392737,-24.434782698100914,-21.838636498405425,-32.6697677647844,-25.449120226317426,-5.725710459603804,1710.3815834372838,-702.4858637791345,-60.41641609782114,107.17998686393058,60.36914209458803,79.79500381157476,250.14668981026117,-1.4194830984887368,-132.21879784349284,14.664376164396067,1.2117185380507784,-8.320396295426713,0.011190920872603111,1.1778319743963188,0.0
0.45575611053019205,1.5067759993586465,-8.136307972306529,3.768128498278315,11.125065247864873,8.265351704078242,15.762830055223404,30.92245116368201,32.04948477367789,3.6803386115123713,8.486183506271436,68.92198827237036,8.164552163079723,10.693850917969412,17.83996953434042,9.045533744137161,54.36609337274545,17.863287003380602,15.81772733803713,32.82166275587082,14.861118977962656,25.782046181663226,20.036050589818593,31.915602729546084,34.632056647367854,0.8777780230359518,-13.021330628642035,-22.76266417138245,-25.291206448565607,-22.76952060282228,-33.31166011903225,-25.87406367016274,-5.859791193768424,1727.1295762071854,-729.2077118827317,-49.47158811668715,103.5660643709749,62.25335102257986,81.62181130468444,256.54883513605677,-2.346595500096126,-138.88619281043933,10.901455501855649,0.0,-7.896414578898407,0.11442230845078247,1.0575061308474007,-0.0
0.3606098497209199,1.5906591889098325,-8.800443071692861,6.132619592449056,13.341026854896926,10.418908707295884,18.010343542937555,33.143834385029066,34.20149150429714,5.927427613330187,11.20743973158087,71.73933322718273,10.397049712984773,13.738694487144526,20.923421449666634,12.117501406697661,57.55229675688111,20.477647381097263,18.749759333575483,35.6799594544139,17.404628852307983,28.392865988997706,22.37106202320615,34.190690988398366,36.659779714389224,2.496669482430064,-13.624573126465924,-23.471437594374613,-25.945327506435515,-23.49213543860388,-33.80372682865189,-26.20894048297543,-5.965717959173828,1740.0893867486311,-749.4095683579675,-41.35882662289905,100.59132248886074,63.65824722046708,82.93671335963414,261.60614896980974,-3.0978656205018136,-143.98675083222912,7.879856551140971,0.0,-7.03637279259446,0.0,0.47711208466976945,-0.4268775564547762
0.2853268682771286,1.6540045630067801,-9.368532535878051,8.001979814027026,15.089722615829782,12.124070650176208,19.803302574956536,34.929689121504246,35.94886464392231,7.7714616478537755,13.44201898459204,74.06478129586269,12.270897961971292,16.26832873200796,23.48928886464752,14.676145852628368,60.19860866765017,22.66490743256437,21.178335591993143,38.03701665200841,19.493907169620346,30.524894073640365,24.26110836629685,36.02272087942203,38.27924946743517,3.781293762533913,-14.103778700782225,-24.032624667140542,-26.464859019917004,-24.066745890393797,-34.19422824609108,-26.483663176362427,-6.049364818331813,1750.3529811006372,-765.416420473923,-34.92443362497221,98.24926151534245,64.76692926570392,83.97068385937139,265.598481761659,-3.7066152654859614,-148.0181076685615,5.114400020668617,0.0,-6.118070976274223,0.0,0.0,-1.0410368673561643
0.22576039402095935,1.7610723064738887,-9.660943205954224,9.49245688534853,16.48121717540788,13.471167102825266,21.197314104199844,36.29180977221293,37.24578375129472,9.111895098260893,15.053996050397691,75.72486408051242,13.544778525976193,18.03789118198605,25.278846611605537,16.45331981335269,62.05122105174485,24.16456185586199,22.895359554792176,39.71932112487123,20.99714314478713,32.093523508812275,25.669648665746532,37.4187030273806,39.530374615388425,4.786022620058699,-14.486298401591577,-24.479547091238064,-26.87589669053274,-24.51937259226766,-34.500432350125706,-26.6954342013011,-6.115327832690904,1758.573540513319,-778.1880378671348,-29.796045824171195,96.38497599249581,65.63347501336695,84.79061901543386,268.7397350955955,-4.162793715095607,-151.20791020619043,3.6495843485333377,-0.0,-5.793627277458958,-0.0,-0.0,-1.3573538467703692
0.1786293587290052,1.7958485866793494,-10.027244182218949,10.664151591442742,17.57553756533444,14.53823171159918,22.32104101258439,37.41162383977036,38.34241546674521,10.270692964658851,16.462738114240974,77.19358636346104,14.723403006980911,19.636199438193152,26.899972439715352,18.068856494398464,63.72345094834257,25.54222634982061,24.427945599264845,41.205169913582765,22.311722997980848,33.43434783025297,26.855638908675143,38.56820061464724,40.543643176254996,5.587558913869648,-14.783903800465293,-24.82800987585907,-27.197319885118755,-24.87553774279518,-34.74080938143693,-26.863281988759596,-6.166381526973597,1765.1689123971194,-788.448498783575,-25.658953889731297,94.90757037858363,66.31841240265771,85.42924200949895,271.21192296176304,-4.5448605240761335,-153.7146364193293,1.8738405657934425,-0.0,-5.192241561208754,-0.05005746707152683,-0.31696892448172415,-1.760706991767579
0.14133766880728119,1.7663099644174654,-10.463743338734124,11.591231824434377,18.443113612232057,15.391603772829505,23.231785992366543,38.33313691255056,39.26849453397008,11.266528678060178,17.680589478080762,78.47794669938439,15.790926220600683,21.052920027646508,28.342877339850435,19.51063639517436,65.20738979648227,26.78306762896561,25.778609698750124,42.500906147186086,23.45334217844454,34.57176794016167,27.852402339570936,39.51753240683129,41.36761126154752,6.228987981061287,-15.013242606169769,-25.100501616676326,-27.44718728058896,-25.153816802137555,-34.92887805021903,-26.989954093305577,-6.202703317598692,1770.4157949199448,-796.6200156239676,-22.362364200351156,93.73893963415806,66.85632577485177,85.94129217482994,273.1756090295465,-4.868027845023687,-155.7062994280108,0.0,-0.0,-4.47406265343677,-0.354242764828412,-0.880407301363441,-2.2487798637344834
0.11183120605713186,1.8029020829851135,-10.620910806429235,12.342042407970133,19.141855048567884,16.057107503517244,23.895877898986388,38.957753884018295,39.826709115909615,11.81028688366806,18.32798878770447,79.11701852815564,16.20694253601565,21.700236620938583,28.988715731210604,20.143081716169824,65.88306305191581,27.290159125033384,26.42117375479189,43.15049176817008,24.04070849678973,35.22687389466261,28.466777227368084,40.15482887563619,41.95692383929084,6.718803218583064,-15.199911913617594,-25.316711812007323,-27.649391293406918,-25.374428161622895,-35.07627754694761,-27.08624754392907,-6.231691941275685,1774.6022616770904,-803.1243997460035,-19.731703000868666,92.82357508888812,67.27091535073565,86.35056950874036,274.70205556863465,-5.086625563937494,-157.27694836503446,0.0,-0.0,-4.826221222043829,-0.42593878095736093,-0.9562642684817684,-2.314610937370309
0.08848468178179253,1.8290852206499533,-10.753751366307004,12.935607363096086,19.693963418765136,16.58372455453633,24.423741316907805,39.456571481014265,40.27600664563579,12.251394640921749,18.855403814743887,79.64092172199571,16.554850067743235,22.23522010806267,29.523373124923733,20.66743373598859,66.44162703977581,27.712710085267286,26.949738074835803,43.682263013158014,24.51979902048853,35.7567735391637,28.96068800607951,40.664249410231804,42.425627381976355,7.1065586701077645,-15.346954517841215,-25.48715559503976,-27.808493190000615,-25.548372765347015,-35.192081725353894,-27.161887522560068,-6.254466306077731,1777.9519689148224,-808.3246509343888,-17.626083786705795,92.09421692694842,67.59864643192725,86.67274069214292,275.9076322223323,-5.26140756016393,-158.51746812104284,-0.07071324698032373,-0.0,-5.060863687175528,-0.4906890119446004,-1.033929051814539,-2.3819381634751715
0.07001211187890775,1.775558602099999,-11.090641636177946,13.38345815587088,20.114080869545685,17.010357280345758,24.90946983964619,39.97833429805198,40.844289851965755,12.899037251476233,19.662111950684793,80.52024709902138,17.354131828724995,23.24230244620149,30.55700410192528,21.707637965981323,67.49769124602287,28.628565698909323,27.89211928346007,44.56497624401942,25.2858319467647,36.47667137024631,29.564180358597373,41.20599787962593,42.87129506553074,7.43279143899841,-15.45608418602986,-25.61992345960538,-27.927371639532023,-25.68410783549656,-35.28374179356741,-27.22533798247641,-6.271872584574477,1780.643019378628,-812.5143682909958,-15.92960781178812,91.50193930636176,67.86746388128176,86.91736835545116,276.879967694365,-5.444994144461242,-159.49555261534775,-1.9565239935755732,-0.0,-4.109945676926007,-0.7503117644454598,-1.5519357571027352,-2.8304661004397347
0.05539598166643707,1.7326728779915517,-11.358619271220608,13.738398585048676,20.447275392695357,17.348945777330453,25.295052280614943,40.392715079546804,41.29592077378336,13.41381662848226,20.302786036047735,81.21851027104357,17.989866156058635,24.042051067895056,31.37783432715239,22.533779117586402,68.33614777881814,29.35643141245236,28.64042222141083,45.26578598519419,25.894232794939185,37.04806715163912,30.043272104372722,41.6358883224143,43.22502332360227,7.691770069234427,-15.542530326374218,-25.72506324910732,-28.02155036031692,-25.791571659257926,-35.35658630297335,-27.27591714598432,-6.285690924424801,1782.7597291824177,-815.8121243821968,-14.593707011483746,91.03800394154466,68.07918596158291,87.11007207051624,277.6456783184399,-5.590165175417742,-160.26745553303886,-3.4553229644433725,-0.0,-3.3533745567463695,-0.9565451320884798,-1.9635062147629043,-3.18683354831596
0.04383119866596573,1.6987294070847732,-11.570630449910956,14.01934076739295,20.710959844269876,17.61687461854875,25.60019392057178,40.72064731646282,41.65330162404021,13.821152993714977,20.80985284358584,81.7712007196693,18.49282823317776,24.67502240907131,32.02746780709254,23.18757747506529,68.99976528151075,29.932346527570655,29.23263212434118,45.820422548858204,26.375661083520704,37.50027785681862,30.422385227068688,41.976094891147184,43.50492103311562,7.896658759169532,-15.610855991460053,-25.80813844415825,-28.0959405576492,-25.876485363177213,-35.414070544325085,-27.315819808261217,-6.296598895100113,1784.4399482180847,-818.4283307203714,-13.533738207929636,90.67030248474737,68.24643903660717,87.26216470066785,278.25068643000907,-5.705029208956082,-160.87750368955378,-4.641506775607497,-0.0,-2.754552486935211,-1.1197540007144104,-2.289226336823473,-3.4688595218843727
0.03468074612457581,1.6718433167894737,-11.738354140808367,14.241767089470553,20.91963039177441,17.828862331979646,25.841670233100796,40.98014822385992,41.93604472102805,14.14340991186997,21.21121485581361,82.20870644438678,18.890547428099122,25.176029006542493,32.541604249784896,23.704938177945625,69.52500313934819,30.387855249640566,29.70127809623476,46.259346029242465,26.75651790074164,37.85814236884827,30.722316799740064,42.24529415452872,43.726328735749135,8.058682869729582,-15.664817739224567,-25.87370554701147,-28.154621554709117,-25.943505069090744,-35.45934520760202,-27.347238393778955,-6.305193402986975,1785.7781882305367,-820.5106050884204,-12.689408188515396,90.37882210760242,68.37830751504862,87.38188781612507,278.7277035822405,-5.795880071671611,-161.3590228917973,-5.580237881960992,-0.0,-2.280585819764597,-1.2489049265006884,-2.5469954225346743,-3.692039598138896
0.02744059456195527,1.650569182987776,-11.871068850075755,14.41773549807767,21.084714291666828,17.996572653213857,26.03270786539817,41.18544120662305,42.15972497441545,14.398359175260877,21.528741914010777,82.554805598364,19.20519051174208,25.572381626628772,32.9483392869022,24.114225607376742,69.94050721242229,30.748208557527207,30.07202581988083,46.60657407349096,27.057815262578792,38.14124759512201,30.959593554058852,42.45825569572505,43.90148219955844,8.186866796334261,-15.707532209758247,-25.92561105280281,-28.20108215504563,-25.996559723349428,-35.49520513948923,-27.372127558967843,-6.311999425039277,1786.836315255844,-822.1576626634687,-12.02140433985987,90.14842462811522,68.4826929968871,87.47669123223372,279.1051949089009,-5.867756173128876,-161.74015256483887,-6.322871440010373,-0.0,-1.905644895152593,-1.3510791704902338,-2.75092105952294,-3.8686019518903834
0.021711938584274545,1.6337248766751822,-11.976061245682944,14.557035649067002,21.215356426790827,18.129273399268317,26.183887417949748,41.34789806625854,42.33670453985383,14.60007273055822,21.78006158042514,82.82876078154356,19.45404974799667,25.8860873706941,33.27023771341636,24.4381110266177,70.26936532771866,31.033270599318246,30.365423257044416,46.88136582035614,27.296196680873468,38.36529180207059,31.14733033041201,42.626776642786474,44.04005306080609,8.288253370764032,-15.741278639018876,-25.96659826084426,-28.2377535123182,-26.03845541780393,-35.52347272320438,-27.39174138904711,-6.317366419318011,1787.6777534254875,-823.4665830217102,-11.490279659423438,89.96579398816205,68.5650676718205,87.55140769188343,279.4031211483019,-5.92461576804957,-162.04115918380302,-6.910585862125701,-0.0,-1.6088857567814534,-1.4319336187291378,-2.9123043613803064,-4.008325588556233
0.017179229700106057,1.6203904280494374,-12.059130983120852,14.667276650397046,21.31872451677474,18.234261875206194,26.30350503498316,41.47643471905879,42.476718226103365,14.759655515755153,21.978932973937376,83.04554307473087,19.65088680303692,26.134320523508936,33.5249391611553,24.694369414112224,70.52957653206784,31.258762149330636,30.59756378503073,47.09878560745473,27.48478081300219,38.542559558314316,31.2958527712572,42.76010670024776,44.1496716031466,8.3684487304108,-15.767964199046968,-25.999001601133724,-28.26674010793902,-26.0715770592195,-35.545805760437844,-27.40723685894398,-6.32160696460363,1788.34521256555,-824.5047678185115,-11.06881183191444,89.82125016434482,68.6301586006628,87.6104156998008,279.6385003259024,-5.969594888423891,-162.27911492478876,-7.375603933040371,-0.0,-1.3740714427200136,-1.4959067187163066,-3.039996724157481,-4.1188780144059605
0.013592795131741895,1.609837141816262,-12.124856258892816,14.754512898368729,21.40051258888921,18.317328165335127,26.39814994734295,41.578134849052915,42.587493117060895,14.88591352232546,22.136294812152574,83.2170771563488,19.80659976779662,26.330739097344154,33.72646946392523,24.897124808661893,70.73546779826378,31.437152047892347,30.78123871210346,47.27081335697382,27.633980872938483,38.68281818045197,31.413359202881246,42.86559772707605,44.23639499411694,8.43189069982095,-15.789071601934443,-26.024628122740214,-28.28966229404088,-26.0977717245403,-35.56346135619472,-27.419486522667633,-6.324959520768403,1788.874087384627,-825.3273491117063,-10.73478374438877,89.70685893086217,68.68162372888688,87.657057143711,279.8245897306298,-6.0051797733223955,-162.46730282937142,-7.74354087364066,-0.0,-1.1882751066875252,-1.5465236067429522,-3.14103131768573,-4.206349999778251
0.010755085223196308,1.6014908304306472,-12.176865405392835,14.823513715689565,21.465217051588848,18.383050240828098,26.473026149676198,41.65859343870763,42.67513986535393,14.985813563439182,22.260774960525083,83.35275983479572,19.929831571226256,26.486115637200445,33.88589713909566,25.05753222356084,70.89833813416,31.578314341691748,30.926547620959738,47.40690528108116,27.752033528091996,38.79377810461329,31.506332352708487,42.94905669263315,44.30501599339585,8.482098481149125,-15.80578999237425,-26.04493290370544,-28.307830007491074,-26.118526283142828,-35.57746752812047,-27.429206229118726,-6.327618382589154,1789.2911607456106,-825.9763565395302,-10.471309902181188,89.61646964423603,68.72241869683073,87.69406186276196,279.97207825346675,-6.033338840566346,-162.61639261916534,-8.03461677250038,-0.0,-1.0413033562659177,-1.5865687158565915,-3.2209609557151304,-4.275551687468181
0.008509791918227243,1.5948841777155331,-12.218011862105595,14.878130275101796,21.516422499823197,18.435055604915785,26.532280803820044,41.72226546946341,42.744493189792784,15.064859712922939,22.359295305236426,83.46015501083997,20.027318728544937,26.60908900745766,34.01207113640657,25.18447291527415,71.02724366315677,31.68999993833744,31.041542618673553,47.51460877138909,27.845444217451963,38.881591338181956,31.579900472962642,43.015102598891424,44.359311689768525,8.52181735589409,-15.819002574732272,-26.06097392070123,-28.322177617272047,-26.13492302185136,-35.58851722813516,-27.43687219234448,-6.3297166907649,1789.6223477416277,-826.4914104603707,-10.262171417126163,89.54483137174311,68.75463486145637,87.72325544522464,280.0885750674028,-6.05561766872814,-162.73419673886855,-8.264974300635902,0.0,-0.9249789399423488,-1.618258662601343,-3.284216283810331,-4.330315714333975
0.006733238927325228,1.5896548669071162,-12.25056750718033,14.921350678595157,21.556937918902793,18.476201702846076,26.579164980722116,41.772643781197836,42.79936304133684,15.12739853128551,22.437253110740887,83.54513509395501,20.104435522330174,26.706394780835755,34.111905560874995,25.284909877353037,71.12924014673132,31.77835353552415,31.132529141498786,47.599826180043976,27.91934554871386,38.951071200819264,31.63810438078082,43.0673578455703,44.40226601461901,8.553237551123024,-15.829452603862851,-26.07365881541906,-28.333522133254526,-26.14788922443701,-35.597251251137536,-27.442931492819397,-6.331375336524027,1789.8848456344476,-826.8996150829424,-10.09636516012365,89.48813949451078,68.78010153794528,87.74632428881876,280.1806553295419,-6.073242593414624,-162.8273495725713,-8.44724077570935,0.0,-0.8329366781363153,-1.6433323926070889,-3.334266210255741,-4.373646469380933
0.00532756933284594,1.5855165542268748,-12.27632601419671,14.955550782122813,21.58899502310425,18.50875677306603,26.616261171080602,41.81250415669601,42.84277558815445,15.17687885964725,22.498938146672522,83.6123765365647,20.16544453874351,26.783388598114115,34.19089845909294,25.36437768682407,71.20994413152916,31.8482547140245,31.204520089475704,47.667252508372684,27.97781499129865,39.00604558816769,31.68415471246112,43.108702829906065,44.43625009903336,8.57809522474724,-15.83771910449241,-26.083692275791613,-28.34249480006581,-26.15814521135165,-35.604157848383146,-27.447722885110196,-6.33268698389581,1790.092747428836,-827.2229063915869,-9.965025676081101,89.44327666699714,68.80024167441186,87.76456430205502,280.2534718074749,-6.087186924896995,-162.9010308353322,-8.591455905505562,0.0,-0.7601088259347613,-1.6631713653984346,-3.3738674320645914,-4.4079310092183555
0.004215355388785484,1.582241859663273,-12.296706743687515,14.98261226781621,21.61435966721989,18.53451495244827,26.645612871972492,41.84404275371502,42.87712402332666,15.21602825442027,22.547746433233925,83.6655813079714,20.21371316269469,26.844309718815463,34.25340056612252,25.42725473103189,71.27380028688046,31.903559670296378,31.26148147775888,47.72060225950928,28.024076295758945,39.04954300180957,31.720590144926692,43.141415878867164,44.46313818879448,8.597762088341046,-15.844258974699851,-26.091629616957963,-28.349592696686575,-26.16625859849461,-35.60962074905338,-27.451512673791964,-6.333724474282549,1790.2573387355242,-827.4788434917893,-9.861038684709113,89.4077768487768,68.8161727160162,87.77899060167496,280.31106832342556,-6.09821965214679,-162.9593188850084,-8.705563702438432,0.0,-0.7024845410897655,-1.6788685407203419,-3.4052012785838257,-4.435058004846845
0.003335333609683999,1.579650664819042,-12.31283254729601,15.004024780118273,21.634429026824844,18.554895477530145,26.668836909110194,41.86899703791308,42.90430120426966,15.24700408438855,22.58636566059456,83.70767921420436,20.25190323764754,26.892513036347147,34.30285447360857,25.477004927782218,71.32432564399511,31.947317380025645,31.306551137039204,47.76281428859015,28.060679048143395,39.08395955316534,31.749418580646893,43.16729932973766,44.48441238821955,8.613322562397196,-15.849433152492221,-26.09790924737572,-28.355208080971654,-26.172677511398955,-35.6139423553921,-27.454510686913963,-6.334545223419308,1790.3876106395487,-827.6814119128948,-9.778730531647096,89.37968690950674,68.8287758611938,87.79040255745923,280.35663237087084,-6.106948895836903,-163.0054333849484,-8.795849631089546,0.0,-0.6568900553367368,-1.6912886386941821,-3.4299936928756964,-4.456521764982033
0.002639030226842348,1.5803324889673285,-12.322774793146033,15.020963019790171,21.650325567737294,18.571014700765954,26.68721154205802,41.88873991800191,42.92579724312064,15.271495135114522,22.61689000567149,83.7409367474436,20.282078239966523,26.930591893220825,34.34191607922244,25.516310557669946,71.36423316386494,31.981896298750527,31.34215181007359,47.79616657720439,28.089593594173923,39.1111670308354,31.77220694723862,43.1877696609431,44.50123545259585,8.625636945158357,-15.853530748387104,-26.102885417982545,-28.359655153785344,-26.17777803954505,-35.61738243169022,-27.456909991188002,-6.335191407779053,1790.490317714533,-827.8411844792031,-9.71379550064997,89.35754502490893,68.83883874903603,87.79935575629408,280.3927134052978,-6.113883623944223,-163.04212157939838,-8.866506169777999,0.004430416654927359,-0.6189858784544585,-1.7021879017918677,-3.4516403156789197,-4.47507133052292
0.0020880911336624668,1.5870970673329765,-12.324193464368914,15.034380322145276,21.6629500267838,18.58375554113244,26.701759668205693,41.90437015263079,42.94279507166064,15.290838955141988,22.64101211377744,83.76719052998655,20.3058400936407,26.960638602434965,34.372717638205856,25.547315609448518,71.39570778466445,32.00915448105128,31.370220285599896,47.822484100156515,28.11237306472185,39.13266563727133,31.79019410437781,43.20395634045978,44.514520337707495,8.63537267747475,-15.856762558969995,-26.106811188533072,-28.363151000364777,-26.18183440034157,-35.620113118345124,-27.458840667593613,-6.335688239248444,1790.572302618288,-827.9685647789709,-9.661894086937753,89.34007970884663,68.84693865168146,87.80616271683145,280.42105243969087,-6.119413607909152,-163.07141890584867,-8.920741924085197,0.018034808298324507,-0.5847102470054188,-1.7132674206502496,-3.4734186249716905,-4.493339946653872
0.001652169246919457,1.592451478252379,-12.32531489131363,15.044996789626197,21.672938535057945,18.59383608731929,26.713270312173545,41.91673684336168,42.956244168463186,15.306145564609325,22.66010034450092,83.78796433913566,20.324643180622978,26.984415926390806,34.39709198337736,25.571851032411356,71.42061372777822,32.030724232327,31.392431615194315,47.84330921890839,28.130398476043187,39.14967719844199,31.8044267491944,43.21676387579568,44.52503135417523,8.64307593298426,-15.859320719315708,-26.109919711323446,-28.365919410901498,-26.185046412371463,-35.622275895485735,-27.460369430597595,-6.33608169049497,1790.6371466041464,-828.0693661266453,-9.620810422592502,89.32625727602517,68.85336014152854,87.81156197430695,280.4435043080973,-6.123790539974424,-163.09462801907168,-8.963663452773707,0.02880143111467719,-0.5575844573877202,-1.7220356063588018,-3.4906536997774325,-4.507797533113989
0.0013072529146171102,1.5966881556867896,-12.326202039697657,15.053396971469668,21.680841804757026,18.60181214699556,26.722377928160594,41.926521787109124,42.96688551174668,15.318256608779945,22.675203638490537,83.80440138360737,20.33952067377322,27.003229419315982,34.416377851385846,25.59126431788993,71.44032026345185,32.04779087288472,31.41000601333219,47.8597868184886,28.14466077308319,39.1631373718475,31.815688099860616,43.226897662554386,44.53334802102922,8.649170968847667,-15.861344747503253,-26.112379173114938,-28.368109749088095,-26.18758776112916,-35.6239869949118,-27.46157890159876,-6.336392976127577,1790.6884587063382,-828.1491301105691,-9.588301066884954,89.31531942154567,68.85844093272931,87.81583381848675,280.4612687457556,-6.127253746105029,-163.11299148561662,-8.997624448551115,0.03732043795497915,-0.5361215395231608,-1.728973316099428,-3.504290725359683,-4.519236900450401
